display_team,stress,map_mode,command_mode,n,safe_delivery,operational_score,degraded_outcome,attrition_rate,exposure,effective_delay,payload_fraction
balanced_hetero,degraded,delayed,autonomous,32,0.5,73.18774502044892,0.59375,0.0234375,0.129169760789771,8.107296798029557,0.59375
no_relay_hetero,degraded,delayed,autonomous,32,0.59375,74.12211163009499,0.4375,0.031249999999999997,0.12014509105088822,12.0,0.59375
relay_rich,degraded,delayed,autonomous,32,0.5625,72.26975050924824,0.46875,0.031249999999999997,0.12861225390228959,4.222671121110784,0.546875
relay_rich_scout_matched,degraded,delayed,autonomous,32,0.28125,71.50606282781999,0.78125,0.05989583333333333,0.12995681032473344,4.235237916008674,0.5625
relay_rich_scout_matched_standardized,degraded,delayed,autonomous,32,0.46875,73.79095290726202,0.59375,0.0390625,0.12179693050493005,4.179467489747095,0.625
relay_rich_standardized,degraded,delayed,autonomous,32,0.34375,70.03997675036591,0.71875,0.05208333333333333,0.12477506773234526,4.282195251058681,0.546875
balanced_hetero,degraded,delayed,crowd_vector,32,0.5625,77.38444406102192,0.4375,0.04427083333333333,0.11456587904108398,8.285256064010602,0.625
no_relay_hetero,degraded,delayed,crowd_vector,32,0.59375,77.03677684722456,0.4375,0.033854166666666664,0.11282138367059821,12.0,0.609375
relay_rich,degraded,delayed,crowd_vector,32,0.6875,75.61527637480917,0.3125,0.026041666666666664,0.12002333553871294,4.086101557340964,0.53125
relay_rich_scout_matched,degraded,delayed,crowd_vector,32,0.59375,76.73519050259225,0.40625,0.05208333333333333,0.1122188317846614,4.229151812721459,0.59375
relay_rich_scout_matched_standardized,degraded,delayed,crowd_vector,32,0.5625,77.74924039583141,0.4375,0.04427083333333333,0.10929715489090316,4.357119450926166,0.625
relay_rich_standardized,degraded,delayed,crowd_vector,32,0.53125,76.33026360133168,0.5625,0.049479166666666664,0.11531361562986712,4.303476645669817,0.6875
balanced_hetero,degraded,scout_belief,autonomous,32,0.53125,75.12643983295798,0.53125,0.04427083333333333,0.12413660024399342,8.09413999897664,0.609375
no_relay_hetero,degraded,scout_belief,autonomous,32,0.40625,71.68814968045714,0.59375,0.04427083333333333,0.12121895740234011,12.0,0.546875
relay_rich,degraded,scout_belief,autonomous,32,0.59375,75.40018351038552,0.40625,0.026041666666666664,0.1256677511860054,4.132987371445856,0.609375
relay_rich_scout_matched,degraded,scout_belief,autonomous,32,0.53125,75.14474382404195,0.46875,0.03125,0.12574231927299154,4.120496553884712,0.59375
relay_rich_scout_matched_standardized,degraded,scout_belief,autonomous,32,0.5,73.38965115344504,0.53125,0.046875,0.11875637473157787,4.174645260781263,0.578125
relay_rich_standardized,degraded,scout_belief,autonomous,32,0.40625,73.25777211733788,0.625,0.046875,0.11890812466405555,4.267557837135128,0.625
balanced_hetero,degraded,scout_belief,crowd_vector,32,0.75,78.24307967895444,0.25,0.026041666666666664,0.11583245821960482,8.148514065335753,0.625
no_relay_hetero,degraded,scout_belief,crowd_vector,32,0.71875,77.51630205152179,0.34375,0.026041666666666664,0.10934551141259416,12.0,0.609375
relay_rich,degraded,scout_belief,crowd_vector,32,0.53125,75.74164145030205,0.53125,0.03645833333333333,0.12300833276509474,4.341681446955948,0.625
relay_rich_scout_matched,degraded,scout_belief,crowd_vector,32,0.53125,75.74913636078134,0.46875,0.04427083333333333,0.1167085119496265,4.138602563750023,0.5625
relay_rich_scout_matched_standardized,degraded,scout_belief,crowd_vector,32,0.53125,76.52933377732218,0.5,0.0546875,0.10850233429287363,4.1854163106630216,0.59375
relay_rich_standardized,degraded,scout_belief,crowd_vector,32,0.5,75.72333115484781,0.53125,0.041666666666666664,0.10477721677302626,4.336735220110208,0.59375
balanced_hetero,severe,delayed,autonomous,32,0.09375,71.19421522079803,0.9375,0.09375,0.13091778859380887,16.60018372229433,0.640625
no_relay_hetero,severe,delayed,autonomous,32,0.53125,71.87892150684877,0.53125,0.0390625,0.11894680886063042,24.0,0.546875
relay_rich,severe,delayed,autonomous,32,0.28125,71.34677093054746,0.75,0.0703125,0.12760927426600022,9.078967138217365,0.59375
relay_rich_scout_matched,severe,delayed,autonomous,32,0.25,71.63964732136907,0.78125,0.08854166666666666,0.12491119685467658,8.59327643366406,0.578125
relay_rich_scout_matched_standardized,severe,delayed,autonomous,32,0.125,68.77571149895577,0.875,0.11197916666666666,0.1289714581910125,9.182154931258832,0.5625
relay_rich_standardized,severe,delayed,autonomous,32,0.15625,68.43894448648022,0.84375,0.11458333333333333,0.12420200330769177,9.498596764573398,0.578125
balanced_hetero,severe,delayed,crowd_vector,32,0.3125,75.39892729118111,0.6875,0.06770833333333333,0.1193635830433444,16.392087715569673,0.578125
no_relay_hetero,severe,delayed,crowd_vector,32,0.46875,77.6232357887242,0.53125,0.0546875,0.10899101697084193,24.0,0.65625
relay_rich,severe,delayed,crowd_vector,32,0.28125,74.19883672591159,0.71875,0.09375,0.11908127605313532,9.092133329441268,0.625
relay_rich_scout_matched,severe,delayed,crowd_vector,32,0.25,74.86039351090177,0.75,0.09114583333333333,0.11913429244773407,9.108112094233245,0.59375
relay_rich_scout_matched_standardized,severe,delayed,crowd_vector,32,0.1875,74.54357287521906,0.84375,0.109375,0.10810943021481167,9.168005672137028,0.625
relay_rich_standardized,severe,delayed,crowd_vector,32,0.25,73.98375771762517,0.75,0.09114583333333333,0.11137378745319187,9.223581195384293,0.609375
balanced_hetero,severe,scout_belief,autonomous,32,0.21875,73.2355966031634,0.78125,0.08333333333333333,0.11560629941060686,16.636181460705053,0.5625
no_relay_hetero,severe,scout_belief,autonomous,32,0.28125,72.10129802925469,0.75,0.07552083333333333,0.11754210239742631,24.0,0.5625
relay_rich,severe,scout_belief,autonomous,32,0.28125,71.08074525398004,0.78125,0.07291666666666666,0.13297370553269455,8.962233360089531,0.59375
relay_rich_scout_matched,severe,scout_belief,autonomous,32,0.21875,72.20568904623762,0.78125,0.09375,0.12777468800356753,8.884499025622253,0.578125
relay_rich_scout_matched_standardized,severe,scout_belief,autonomous,32,0.1875,72.06731974937907,0.875,0.09895833333333333,0.11975114600182091,9.146491255535096,0.609375
relay_rich_standardized,severe,scout_belief,autonomous,32,0.15625,71.36718311336553,0.84375,0.09635416666666666,0.1179799796471131,9.582927545771874,0.609375
balanced_hetero,severe,scout_belief,crowd_vector,32,0.25,74.48994674874267,0.75,0.08854166666666666,0.12418625347213894,16.69916742586369,0.578125
no_relay_hetero,severe,scout_belief,crowd_vector,32,0.40625,74.47750101951142,0.625,0.05989583333333333,0.11562984509021738,24.0,0.578125
relay_rich,severe,scout_belief,crowd_vector,32,0.3125,72.42413975908501,0.71875,0.1015625,0.12171193076993393,9.52934482398525,0.5625
relay_rich_scout_matched,severe,scout_belief,crowd_vector,32,0.28125,73.68997667269261,0.71875,0.09895833333333333,0.12248885863546521,9.555575319895873,0.609375
relay_rich_scout_matched_standardized,severe,scout_belief,crowd_vector,32,0.1875,73.88110678357876,0.8125,0.11979166666666666,0.11233756800407983,9.784795576450868,0.671875
relay_rich_standardized,severe,scout_belief,crowd_vector,32,0.34375,73.65786375435165,0.6875,0.0703125,0.11717156560621997,8.601056934666378,0.625
