team,map_mode,command_mode,stress,n,success_rate,strict_success_rate,safe_delivery_rate,mean_operational_score,degraded_rate,mean_reached_fraction,mean_payload_fraction,mean_exposure,mean_attrition,mean_early_attrition,mean_recovery,mean_fragmentation,mean_false_safe,mean_map_mse,mean_effective_map_delay,mean_consensus,mean_dispersion,reversal_rate,success_ci_low,success_ci_high,strict_success_ci_low,strict_success_ci_high,safe_delivery_ci_low,safe_delivery_ci_high,operational_score_ci_low,operational_score_ci_high
balanced_hetero,delayed,autonomous,degraded,40,1.0,1.0,0.575,70.64653092078598,0.85,0.8666666666666666,0.5875,0.13360848235590303,0.06041666666666665,0.06041666666666665,8.375,0.0,0.0,0.00082362345035483,8.110303320561941,0.0,0.0,0.0,1.0,1.0,1.0,1.0,0.425,0.725,69.01738710442206,72.34423818013353
balanced_hetero,delayed,autonomous,severe,40,1.0,1.0,0.6,71.81265423192028,0.875,0.8729166666666666,0.6,0.12679876683172892,0.06249999999999998,0.06249999999999998,7.5,0.0,0.0,0.0028858272601323147,16.46429442782345,0.0,0.0,0.0,1.0,1.0,1.0,1.0,0.45,0.75,69.8953428175617,73.79477447266984
balanced_hetero,delayed,consensus_gated,degraded,40,1.0,1.0,0.7,76.23799307156045,0.35,0.9,0.5375,0.11344939458976411,0.02708333333333333,0.02708333333333333,0.7,0.0,0.0,0.0007477869274763276,8.116779556650247,0.6432626893376223,0.05203864665729337,0.0,1.0,1.0,1.0,1.0,0.55,0.825,74.97991669874384,77.50078417457509
balanced_hetero,delayed,consensus_gated,severe,40,1.0,1.0,0.425,75.88873104258936,0.6,0.8791666666666667,0.575,0.11401835345772278,0.0625,0.0625,0.45,0.0001984126984126984,0.0,0.0035077332883148562,16.455215636921857,0.5478399817197919,0.08399626049967779,0.0,1.0,1.0,1.0,1.0,0.275,0.575,74.11063845073488,77.8014521683303
balanced_hetero,delayed,crowd_vector,degraded,40,1.0,1.0,0.55,77.14317887079044,0.55,0.8979166666666666,0.6125,0.11730957012567403,0.04791666666666666,0.04791666666666666,0.275,0.00030303030303030303,0.0,0.0008594781648919246,8.161339428115744,0.640273504846277,0.052205595264500484,0.0,1.0,1.0,1.0,1.0,0.4,0.725,75.44239395041099,78.8747171993467
balanced_hetero,delayed,crowd_vector,severe,40,1.0,1.0,0.35,75.83854762937787,0.7,0.8666666666666666,0.625,0.11417837852247477,0.08333333333333333,0.08333333333333333,0.9,0.00034523809523809523,0.0,0.0034019894745424967,16.65556442944405,0.5542281122634533,0.08198821870166574,0.0,1.0,1.0,1.0,1.0,0.2,0.5,74.31032213311927,77.58192457799113
balanced_hetero,delayed,stale_hold,degraded,40,1.0,1.0,0.475,76.86887918290276,0.55,0.8833333333333334,0.6125,0.11270213664962334,0.05833333333333333,0.05833333333333333,0.375,0.0001785714285714286,0.0,0.0007680775483282674,8.28661478779673,0.6441517676975294,0.05082905319965142,0.0,1.0,1.0,1.0,1.0,0.324375,0.625,75.25986180547314,78.34294147437195
balanced_hetero,delayed,stale_hold,severe,40,1.0,1.0,0.35,75.92802428035345,0.675,0.88125,0.625,0.11849493591190603,0.07708333333333332,0.07708333333333332,1.15,0.0007638888888888888,0.0,0.00339194290816979,16.76725695208746,0.5557068855269162,0.08175618833868188,0.0,1.0,1.0,1.0,1.0,0.2,0.5,74.023196911433,77.8435490505504
balanced_hetero,no_shared,autonomous,degraded,40,1.0,1.0,0.475,76.78208148124298,0.675,0.88125,0.6,0.11345498942173723,0.05625,0.05625,0.0,0.0,0.07099087465564738,0.03181254254803227,8.211784970088056,0.0,0.0,0.0,1.0,1.0,1.0,1.0,0.325,0.625,75.23442840345116,78.43440458760656
balanced_hetero,no_shared,autonomous,severe,40,1.0,1.0,0.4,75.9366211667167,0.675,0.8729166666666666,0.625,0.11835111182461051,0.07291666666666666,0.07291666666666666,0.95,0.00016233766233766234,0.07493677303336395,0.0328478212950668,16.50619649138837,0.0,0.0,0.0,1.0,1.0,1.0,1.0,0.25,0.55,73.80414605316454,78.03913092060685
balanced_hetero,no_shared,consensus_gated,degraded,40,1.0,1.0,0.55,75.80748352364253,0.5,0.8729166666666666,0.55,0.10895263986656975,0.04583333333333333,0.04583333333333333,0.675,0.0,0.06785009182736455,0.030928598661845365,8.168762183235867,0.630245904065073,0.05138536940350067,0.0,1.0,1.0,1.0,1.0,0.375,0.7,74.2976689228835,77.30096886370659
balanced_hetero,no_shared,consensus_gated,severe,40,1.0,1.0,0.325,76.65114212352213,0.725,0.8791666666666667,0.6375,0.11448681424941387,0.07916666666666666,0.07916666666666666,0.4,0.00030303030303030303,0.07161845730027548,0.03239912485952428,16.64820599463698,0.5400097246167566,0.08146143889758711,0.0,1.0,1.0,1.0,1.0,0.2,0.475,74.7830039636925,78.5422552957406
balanced_hetero,no_shared,crowd_vector,degraded,40,1.0,1.0,0.575,77.09248201016733,0.55,0.9020833333333333,0.5875,0.11851218745927519,0.035416666666666666,0.035416666666666666,0.0,0.0001785714285714286,0.07375459136822773,0.03285282471559185,8.125007974481658,0.628554187851564,0.05144863982265936,0.0,1.0,1.0,1.0,1.0,0.425,0.725,76.00683422343371,78.29843055262323
balanced_hetero,no_shared,crowd_vector,severe,40,1.0,1.0,0.35,76.891384353513,0.725,0.8791666666666667,0.625,0.11122665857177969,0.07291666666666666,0.07291666666666666,0.225,0.0,0.0732122359963269,0.03097924671366814,16.79194662144176,0.5409116455742561,0.08088336217383027,0.0,1.0,1.0,1.0,1.0,0.225,0.5,75.20417740920453,78.59519734383512
balanced_hetero,no_shared,stale_hold,degraded,40,1.0,1.0,0.625,76.7964945299432,0.425,0.9,0.55,0.11074476849771768,0.03333333333333333,0.03333333333333333,0.25,0.00016233766233766234,0.07013257575757575,0.03137191085180522,8.078750756200847,0.6264555418260864,0.05173728980064348,0.0,1.0,1.0,1.0,1.0,0.475,0.775,75.55509818549771,78.10413412305464
balanced_hetero,no_shared,stale_hold,severe,40,1.0,1.0,0.325,75.61188909218843,0.725,0.8791666666666667,0.575,0.11865682220211823,0.06666666666666667,0.06666666666666667,0.25,0.00016233766233766234,0.07406910009182736,0.03203984654665571,16.306205168092646,0.5446637918556593,0.0809281068635379,0.0,1.0,1.0,1.0,1.0,0.175,0.475,73.90107237779624,77.4483676614962
balanced_hetero,scout_belief,autonomous,degraded,40,0.975,0.975,0.625,75.30782305403383,0.5,0.9041666666666666,0.5875,0.12151873296042077,0.03958333333333333,0.0375,2.55,0.0,0.0,0.00281268848141969,8.140740284619595,0.0,0.0,0.0,0.925,1.0,0.9,1.0,0.475,0.775,73.54056464939009,77.10669687862682
balanced_hetero,scout_belief,autonomous,severe,40,1.0,1.0,0.4,74.4902825109267,0.675,0.8833333333333334,0.6375,0.12265865578067565,0.06875,0.06875,4.35,0.0,0.0,0.0032127408215409784,16.26575274392879,0.0,0.0,0.0,1.0,1.0,1.0,1.0,0.25,0.55,71.79846279309254,77.18962773208975
balanced_hetero,scout_belief,consensus_gated,degraded,40,1.0,1.0,0.625,76.89290701542336,0.65,0.9020833333333333,0.6,0.11689915959890265,0.03958333333333333,0.03958333333333333,0.9,0.0,0.0,0.0033948073093870933,8.119014221702708,0.6484017078983431,0.052173403294163714,0.0,1.0,1.0,1.0,1.0,0.45,0.775,75.55424630585293,78.2876132274142
balanced_hetero,scout_belief,consensus_gated,severe,40,1.0,1.0,0.3,75.73245169225736,0.75,0.8791666666666667,0.575,0.11466266388357471,0.06458333333333333,0.06458333333333333,0.65,0.0,0.0005208333333333333,0.0035529616500703408,16.764410902062554,0.5577972947677718,0.08322097241765328,0.0,1.0,1.0,1.0,1.0,0.175,0.425,74.26038228173607,77.3620824305669
balanced_hetero,scout_belief,crowd_vector,degraded,40,1.0,1.0,0.675,76.50690323788601,0.375,0.89375,0.55,0.11258913959512462,0.035416666666666666,0.035416666666666666,0.175,0.00015151515151515152,0.0,0.003478811825620967,8.186269553193329,0.6468721554009804,0.053119379972646055,0.0,1.0,1.0,1.0,1.0,0.525,0.825,75.2168692422321,77.89990530990008
balanced_hetero,scout_belief,crowd_vector,severe,40,1.0,1.0,0.375,75.02885579791302,0.75,0.8604166666666666,0.6125,0.11908861523914449,0.08125,0.08125,1.375,0.00018518518518518518,0.0010185185185185184,0.0041118111162476885,16.4818791219854,0.5574142647974761,0.08308664104303007,0.0,1.0,1.0,1.0,1.0,0.225,0.5,73.06620784329168,76.93802558047379
balanced_hetero,scout_belief,stale_hold,degraded,40,1.0,1.0,0.55,75.55388124603455,0.6,0.88125,0.55,0.1151072629591396,0.04791666666666666,0.04791666666666666,0.675,0.0,0.0,0.003788094302701432,8.158197217180883,0.6441470350631958,0.0527964199978343,0.0,1.0,1.0,1.0,1.0,0.375,0.7,74.13491167963808,77.24929277691719
balanced_hetero,scout_belief,stale_hold,severe,40,1.0,1.0,0.25,75.17926813032226,0.775,0.8708333333333333,0.575,0.11512737382509457,0.07708333333333332,0.07708333333333332,0.825,0.0,0.0009343434343434343,0.004100485638245123,16.493851344063362,0.5579222772818473,0.08323979338408291,0.0,1.0,1.0,1.0,1.0,0.125,0.375,73.58854791256648,76.60788168815188
relay_mid,delayed,autonomous,degraded,40,1.0,1.0,0.6,72.70522324452028,0.8,0.9041666666666666,0.575,0.12869212679245917,0.020833333333333325,0.020833333333333325,7.725,0.0,0.0,0.00039483183336211657,6.1040640394088665,0.0,0.0,0.0,1.0,1.0,1.0,1.0,0.425,0.75,70.85666293912463,74.4184170879538
relay_mid,delayed,autonomous,severe,40,1.0,1.0,0.55,73.38892922050815,0.875,0.8854166666666666,0.675,0.12428627097931651,0.07291666666666664,0.07291666666666664,7.65,0.0,0.0,0.0015823040463056226,12.719401206778702,0.0,0.0,0.0,1.0,1.0,1.0,1.0,0.4,0.7,71.62531277863302,75.18396688996344
relay_mid,delayed,consensus_gated,degraded,40,1.0,1.0,0.5,77.80813583301787,0.575,0.9166666666666666,0.6625,0.11464754802083015,0.03958333333333333,0.03958333333333333,2.275,0.0,0.0,0.00040733311985992956,6.146491532514672,0.6411299390085649,0.052428226074507776,0.0,1.0,1.0,1.0,1.0,0.35,0.65,75.71824755086054,79.91349242276691
relay_mid,delayed,consensus_gated,severe,40,1.0,1.0,0.425,74.31059457220401,0.625,0.8666666666666666,0.525,0.11475295830980992,0.06041666666666666,0.06041666666666666,1.25,0.0,0.0,0.0017079709150717808,12.555253145349427,0.5548465390682032,0.08164218816067327,0.0,1.0,1.0,1.0,1.0,0.275,0.575,72.89745785720051,75.85173692674509
relay_mid,delayed,crowd_vector,degraded,40,1.0,1.0,0.525,77.148592019009,0.55,0.9020833333333333,0.625,0.11299474446319183,0.04375,0.04375,1.6,0.0,0.0,0.0004775021953846609,6.146861871351243,0.646268135205,0.051014312792731754,0.0,1.0,1.0,1.0,1.0,0.375,0.675,75.19994233847412,79.09333417272259
relay_mid,delayed,crowd_vector,severe,40,1.0,1.0,0.325,73.9557566127742,0.7,0.8583333333333334,0.575,0.11571509449767534,0.08333333333333333,0.08333333333333333,2.35,0.0008605098605098605,0.0,0.001838155128990704,12.592819610793095,0.5540052990924929,0.08258777760698702,0.0,1.0,1.0,1.0,1.0,0.2,0.475,72.28434990239147,75.47818944918839
relay_mid,delayed,stale_hold,degraded,40,1.0,1.0,0.6,75.2759558730434,0.6,0.8833333333333334,0.55,0.11693418548709564,0.04375,0.04375,1.275,0.0005152717652717653,0.0,0.00043379852995245415,6.246499828900011,0.6391854322815279,0.05275645760340033,0.0,1.0,1.0,1.0,1.0,0.45,0.75,73.74320307417382,76.78800134282218
relay_mid,delayed,stale_hold,severe,40,0.975,0.975,0.4,75.63500438062654,0.675,0.875,0.625,0.11227413751078927,0.07708333333333332,0.07708333333333332,1.65,0.0006980519480519481,0.0,0.0019686201432652234,12.672993043728994,0.5492139206420785,0.08275898316225888,0.005409356725146199,0.925,1.0,0.925,1.0,0.25,0.55,73.90777750976095,77.71562240479739
relay_mid,no_shared,autonomous,degraded,40,1.0,1.0,0.65,75.79858345352112,0.525,0.8958333333333334,0.575,0.11937662509546162,0.0375,0.0375,1.675,0.0008062770562770564,0.07444444444444445,0.032581382512731204,6.162215344395472,0.0,0.0,0.0,1.0,1.0,1.0,1.0,0.5,0.8,74.31693290025902,77.46540837229327
relay_mid,no_shared,autonomous,severe,40,1.0,1.0,0.325,74.31246758163331,0.75,0.8520833333333334,0.6,0.11654376339973034,0.0875,0.0875,1.95,0.0005,0.0746463763509218,0.03231514280846688,13.08312705745555,0.0,0.0,0.0,1.0,1.0,1.0,1.0,0.175,0.475,72.5259801170151,76.56873254577475
relay_mid,no_shared,consensus_gated,degraded,40,1.0,1.0,0.475,75.9778883798119,0.65,0.8895833333333334,0.6125,0.1210069921267655,0.04375,0.04375,1.925,0.0001666666666666667,0.07508924471992653,0.03320978652268646,6.278749421868019,0.6290870488935811,0.05170700474454071,0.0,1.0,1.0,1.0,1.0,0.325,0.625,73.86631373976554,77.89572180748804
relay_mid,no_shared,consensus_gated,severe,40,1.0,1.0,0.275,75.81262570965734,0.725,0.8625,0.6375,0.11578175472125754,0.08125,0.08125,1.175,0.0005304232804232804,0.06764998469543923,0.032136000016427205,13.008680205678345,0.5380703372457379,0.08148985391718586,0.0,1.0,1.0,1.0,1.0,0.15,0.4,73.97218798803934,77.76653384372894
relay_mid,no_shared,crowd_vector,degraded,40,1.0,1.0,0.525,75.83300573385979,0.675,0.8958333333333334,0.5625,0.1191543543409334,0.04791666666666666,0.04791666666666666,0.725,0.0004990379990379991,0.07646349862258953,0.03236600953295356,6.23823126802448,0.6314450385819084,0.05162562779329212,0.0,1.0,1.0,1.0,1.0,0.375,0.675,74.4255780123293,77.2389730194171
relay_mid,no_shared,crowd_vector,severe,40,0.975,0.975,0.3,74.96681573925092,0.75,0.8666666666666666,0.6125,0.11486035584351731,0.0875,0.0875,1.45,0.0005617283950617284,0.07189480027548209,0.03213612727623501,12.867593544323933,0.540047010582996,0.07975368404848536,0.012704918032786885,0.925,1.0,0.925,1.0,0.15,0.45,73.08159591317579,76.88551651660175
relay_mid,no_shared,stale_hold,degraded,40,1.0,1.0,0.675,76.36147861204623,0.375,0.9020833333333333,0.5625,0.116367240858321,0.03125,0.03125,1.025,0.0001785714285714286,0.07020422023262932,0.0323619479836165,6.101210127591707,0.6254133679805716,0.0521723549772823,0.0,1.0,1.0,1.0,1.0,0.525,0.825,75.11585306637207,77.66864982145978
relay_mid,no_shared,stale_hold,severe,40,1.0,1.0,0.2,72.87660350721676,0.9,0.8458333333333334,0.575,0.12294345282310164,0.1,0.1,2.375,0.0001666666666666667,0.07618227731864095,0.032746880305768514,13.248758456699104,0.5410310771175647,0.08173940558374831,0.0,1.0,1.0,1.0,1.0,0.075,0.325,71.57574332678101,74.317285640344
relay_mid,scout_belief,autonomous,degraded,40,1.0,1.0,0.175,71.90013159773352,0.875,0.8729166666666666,0.6,0.12930904314672725,0.06875,0.06875,6.825,0.0,0.00020833333333333332,0.0032646126814229815,6.360333910122584,0.0,0.0,0.0,1.0,1.0,1.0,1.0,0.075,0.3,70.2568569128704,73.63659733114586
relay_mid,scout_belief,autonomous,severe,40,1.0,1.0,0.375,75.40548784221438,0.7,0.8979166666666666,0.6625,0.12248955613028194,0.04375,0.04375,5.05,0.0001666666666666667,0.0,0.00325681922288965,12.769051092611184,0.0,0.0,0.0,1.0,1.0,1.0,1.0,0.225,0.525,73.26264856361297,77.54412116910486
relay_mid,scout_belief,consensus_gated,degraded,40,1.0,1.0,0.5,76.48741509923892,0.55,0.8916666666666666,0.6375,0.11852196907545202,0.05,0.05,1.975,0.0001785714285714286,0.0,0.003767239648574619,6.36236388384755,0.6524767935507996,0.051848766819671765,0.0,1.0,1.0,1.0,1.0,0.375,0.65,74.67668476510308,78.53036287712268
relay_mid,scout_belief,consensus_gated,severe,40,1.0,1.0,0.25,72.97145019798789,0.8,0.85625,0.6,0.12192443339669815,0.10625,0.10625,3.45,0.0005787037037037037,0.0015972222222222225,0.004280167192349097,13.118613792464265,0.5606382787440918,0.08483860667842,0.0,1.0,1.0,1.0,1.0,0.125,0.4,71.2657873319127,74.62631422898086
relay_mid,scout_belief,crowd_vector,degraded,40,1.0,1.0,0.5,75.55281323854031,0.55,0.8895833333333334,0.6125,0.11841968085468402,0.04583333333333333,0.04583333333333333,3.025,0.0001666666666666667,0.0016477272727272725,0.004130650917109549,6.207208931419458,0.6518964787375172,0.05092722817678117,0.0,1.0,1.0,1.0,1.0,0.35,0.65,73.49880635767063,77.4584824433916
relay_mid,scout_belief,crowd_vector,severe,40,0.975,0.975,0.225,74.32558917021979,0.8,0.8520833333333334,0.625,0.11444748764257788,0.09583333333333333,0.09583333333333333,2.275,0.000375,0.0003787878787878788,0.004131822920295871,13.436089868390463,0.5600232385892212,0.0820039324345891,0.01130952380952381,0.925,1.0,0.925,1.0,0.1,0.35,72.61030706679996,76.16712149283532
relay_mid,scout_belief,stale_hold,degraded,40,1.0,1.0,0.6,75.56958531373074,0.55,0.8875,0.575,0.11866246887946925,0.04583333333333333,0.04583333333333333,1.475,0.0006980519480519481,0.0,0.004045553252992214,6.163292113978693,0.6501449159842925,0.05197316898094044,0.0,1.0,1.0,1.0,1.0,0.45,0.75,74.20978680011883,77.00655953459265
relay_mid,scout_belief,stale_hold,severe,40,1.0,1.0,0.35,74.63136098999767,0.65,0.8645833333333334,0.6,0.11847742253813176,0.07708333333333332,0.07708333333333332,2.05,0.0010426887926887926,0.0005681818181818182,0.004505056426281935,13.216814705258443,0.5571080135864055,0.0832224294224879,0.0,1.0,1.0,1.0,1.0,0.2,0.5,72.97918064717203,76.33378223682377
relay_rich,delayed,autonomous,degraded,40,1.0,1.0,0.625,73.07815731327784,0.775,0.8854166666666666,0.625,0.12706586126753858,0.04999999999999998,0.04999999999999998,6.925,0.0,0.0,0.00023366680895307157,4.269471071880328,0.0,0.0,0.0,1.0,1.0,1.0,1.0,0.475,0.775,70.9098905628636,75.53266559765014
relay_rich,delayed,autonomous,severe,40,0.95,0.95,0.475,69.88282196094848,0.775,0.85,0.6,0.1289961310898573,0.0958333333333333,0.0958333333333333,7.7,0.0,0.0,0.0011239687081080851,9.445791978854977,0.0,0.0,0.0,0.875,1.0,0.875,1.0,0.324375,0.625,67.92886172505438,72.00908767016391
relay_rich,delayed,consensus_gated,degraded,40,1.0,1.0,0.575,76.38446102669448,0.6,0.8958333333333334,0.6,0.11450886640591207,0.04375,0.04375,1.7,0.00047619047619047624,0.0,0.00018444101654984941,4.171240222487839,0.6477598265672038,0.05190097141675407,0.0,1.0,1.0,1.0,1.0,0.449375,0.725,74.63674225344846,78.1973201304411
relay_rich,delayed,consensus_gated,severe,40,1.0,1.0,0.25,74.6492939384588,0.825,0.8604166666666666,0.6375,0.11978887303056804,0.08958333333333332,0.08958333333333332,2.525,0.00034992784992784993,0.0,0.0009117309614622103,9.226033928503552,0.5544731148973161,0.08145178266462409,0.0,1.0,1.0,1.0,1.0,0.125,0.4,72.22826383410143,77.15048919144556
relay_rich,delayed,crowd_vector,degraded,40,1.0,1.0,0.45,74.50441449475024,0.725,0.875,0.5875,0.12276832778090903,0.06041666666666666,0.06041666666666666,2.35,0.0006927609427609428,0.0,0.0002914075599152348,4.343453561944019,0.6409719226244158,0.051604082696972996,0.0,1.0,1.0,1.0,1.0,0.3,0.5756249999999994,72.86244617280924,76.38619943914318
relay_rich,delayed,crowd_vector,severe,40,1.0,1.0,0.3,75.28043636276387,0.75,0.8604166666666666,0.6125,0.11418361906132979,0.09166666666666666,0.09166666666666666,1.05,0.000681938431938432,0.0,0.000944412616478911,9.156022664186633,0.552133021206344,0.08181693033600888,0.0,1.0,1.0,1.0,1.0,0.175,0.45,73.65630113732313,77.27165740638934
relay_rich,delayed,stale_hold,degraded,40,1.0,1.0,0.425,76.09909845925094,0.7,0.8791666666666667,0.6125,0.11681059564034228,0.05208333333333333,0.05208333333333333,1.35,0.0006634199134199134,0.0,0.00026452612505279956,4.466776774037532,0.6402410616356262,0.05234928320024723,0.0,1.0,1.0,1.0,1.0,0.275,0.575,74.16511006875585,78.10609928315009
relay_rich,delayed,stale_hold,severe,40,1.0,1.0,0.325,73.7531734916184,0.775,0.8541666666666666,0.6125,0.12550290862377436,0.07708333333333332,0.07708333333333332,2.8,0.0006785714285714287,0.0,0.0014079760793438978,9.295775760531981,0.5549627489011775,0.08181914693370816,0.0,1.0,1.0,1.0,1.0,0.175,0.475,72.00991345709416,75.78471655052837
relay_rich,no_shared,autonomous,degraded,40,1.0,1.0,0.55,75.20593116071589,0.6,0.8833333333333334,0.5875,0.12340798652208355,0.041666666666666664,0.041666666666666664,2.025,0.0008519721019721019,0.0752106290174472,0.03331340305319597,4.279303156009145,0.0,0.0,0.0,1.0,1.0,1.0,1.0,0.375,0.7,73.84769302926766,76.73891559500925
relay_rich,no_shared,autonomous,severe,40,1.0,1.0,0.3,73.9017184744984,0.725,0.85625,0.55,0.1175595033372473,0.075,0.075,1.55,0.0007112794612794612,0.07514893250688706,0.03268747854193875,9.216640365258824,0.0,0.0,0.0,1.0,1.0,1.0,1.0,0.175,0.425,72.47076226720593,75.43502184290763
relay_rich,no_shared,consensus_gated,degraded,40,1.0,1.0,0.55,78.52224693531853,0.5,0.8958333333333334,0.675,0.11060635768308955,0.03958333333333333,0.03958333333333333,0.9,0.0005119047619047619,0.06705693296602387,0.03053662661974278,4.176255293405928,0.623364714953268,0.052450871845466075,0.0,1.0,1.0,1.0,1.0,0.4,0.7006249999999994,76.82140407090131,80.43333498905882
relay_rich,no_shared,consensus_gated,severe,40,0.975,0.975,0.2,73.20414236468811,0.8,0.8541666666666666,0.5875,0.12215712791998054,0.09166666666666666,0.09166666666666666,2.45,0.0005260942760942761,0.07369748622589531,0.0335049045628026,9.149812336905526,0.538205290433511,0.08260205150323133,0.012673611111111111,0.925,1.0,0.925,1.0,0.09937500000000005,0.325,71.51444852576218,74.65778217051204
relay_rich,no_shared,crowd_vector,degraded,40,1.0,1.0,0.475,76.5072441422506,0.575,0.8979166666666666,0.625,0.12157148093923656,0.04791666666666666,0.04791666666666666,1.45,0.0,0.07685405188246097,0.03313410600681782,4.32380670524273,0.6301411948346815,0.05140633146401592,0.0,1.0,1.0,1.0,1.0,0.325,0.6256249999999994,74.52642260292512,78.60700075263365
relay_rich,no_shared,crowd_vector,severe,40,1.0,1.0,0.375,75.02377900313945,0.725,0.8770833333333334,0.6125,0.12615252042685615,0.07291666666666666,0.07291666666666666,1.475,0.001714045214045214,0.07623421717171716,0.03396321509631459,8.910888510860596,0.5439203386379361,0.07958827874342346,0.0,1.0,1.0,1.0,1.0,0.225,0.525,73.11132962939803,76.8580272538644
relay_rich,no_shared,stale_hold,degraded,40,0.95,0.95,0.575,74.56986365343536,0.5,0.8895833333333334,0.5625,0.11538428544601569,0.04583333333333333,0.04375,2.475,0.00048051948051948054,0.07601175900418325,0.03261514839483255,4.315720456444141,0.6236482735605198,0.05199121956384397,0.02185714285714286,0.875,1.0,0.875,1.0,0.4,0.725,72.17004015332034,76.95986112264426
relay_rich,no_shared,stale_hold,severe,40,0.975,0.975,0.375,75.12422236293807,0.675,0.8645833333333334,0.625,0.11150944223319532,0.08125,0.08125,2.15,0.0010674603174603175,0.07094899436282012,0.03144534871319417,9.338308268457304,0.5395423245826811,0.08064297999079466,0.005555555555555555,0.925,1.0,0.9243750000000001,1.0,0.225,0.525,73.33365486630511,76.90355513422219
relay_rich,scout_belief,autonomous,degraded,40,1.0,1.0,0.5,74.56733609910566,0.575,0.8895833333333334,0.6125,0.12444225812516492,0.05,0.05,4.075,0.0,0.0,0.003067870198561331,4.3959311502349205,0.0,0.0,0.0,1.0,1.0,1.0,1.0,0.35,0.65,72.5835855714734,76.7349594708511
relay_rich,scout_belief,autonomous,severe,40,0.95,0.95,0.2,72.63425226434906,0.85,0.8541666666666666,0.6375,0.12077167076657824,0.1,0.09791666666666667,4.675,6.17283950617284e-05,0.0,0.003158432807422895,9.791919342504642,0.0,0.0,0.0,0.875,1.0,0.875,1.0,0.075,0.325,70.27508463218113,74.8290567176266
relay_rich,scout_belief,consensus_gated,degraded,40,1.0,1.0,0.45,74.05973337102861,0.625,0.88125,0.575,0.12549585655050255,0.05,0.05,3.175,0.0001666666666666667,0.0,0.004041631977184478,4.367368313023939,0.6476703099009764,0.051993454102830905,0.0,1.0,1.0,1.0,1.0,0.3,0.6,71.76930742418897,75.91918013168168
relay_rich,scout_belief,consensus_gated,severe,40,1.0,1.0,0.225,74.16908248286451,0.8,0.85,0.6,0.11742195780895451,0.09375,0.09375,1.8,0.0005185185185185185,0.0,0.003871583048952222,9.385364626780158,0.5590723581319306,0.08325475614910907,0.0,1.0,1.0,1.0,1.0,0.1,0.35,72.4674344480199,75.98287252590507
relay_rich,scout_belief,crowd_vector,degraded,40,1.0,1.0,0.4,75.37459980066733,0.75,0.8875,0.6125,0.12445470154506888,0.05416666666666666,0.05416666666666666,2.2,0.0007727272727272728,0.0013636363636363635,0.00460778195056513,4.311743283922219,0.6485434000012057,0.05174666909393986,0.0,1.0,1.0,1.0,1.0,0.24937500000000004,0.55,73.57773122877443,77.18792953348468
relay_rich,scout_belief,crowd_vector,severe,40,1.0,1.0,0.25,74.671173296391,0.75,0.8625,0.6,0.12129148312020481,0.08333333333333333,0.08333333333333333,1.225,0.0005274170274170275,0.0,0.004415296892874966,8.95263136189126,0.5553036177286962,0.08265772521332404,0.0,1.0,1.0,1.0,1.0,0.125,0.375,73.01659282970013,76.64598911260417
relay_rich,scout_belief,stale_hold,degraded,40,1.0,1.0,0.425,76.07393491922758,0.65,0.8854166666666666,0.6,0.11916157825340763,0.05833333333333333,0.05833333333333333,0.775,0.000329004329004329,0.0,0.004342633672748569,4.272010767514397,0.6516689522347857,0.051996344675764375,0.0,1.0,1.0,1.0,1.0,0.275,0.575,74.53346394325892,77.75737354641541
relay_rich,scout_belief,stale_hold,severe,40,0.975,0.975,0.3,73.99961547904881,0.75,0.8666666666666666,0.6125,0.11871437580542335,0.08333333333333333,0.08333333333333333,3.075,0.0004924242424242425,0.0020486111111111113,0.004675691578962882,9.02863877011836,0.5591557222446767,0.08251353997292542,0.00760233918128655,0.925,1.0,0.925,1.0,0.175,0.45,72.37349646189601,75.71361801211411
relay_sparse,delayed,autonomous,degraded,40,1.0,1.0,0.675,72.38815479423928,0.825,0.90625,0.5625,0.12877264688417628,0.02708333333333332,0.02708333333333332,7.725,0.00015151515151515,0.0,0.001323599551397,10.073370927318296,0.0,0.0,0.0,1.0,1.0,1.0,1.0,0.525,0.8,70.64655542215993,74.21369308997387
relay_sparse,delayed,autonomous,severe,40,1.0,1.0,0.675,70.79888258319728,0.975,0.875,0.55,0.12604176575610626,0.05833333333333331,0.05833333333333331,8.225,0.0,0.0003630050505050475,0.004696197437879778,20.203740184665776,0.0,0.0,0.0,1.0,1.0,1.0,1.0,0.525,0.825,69.355442719294,72.30202551300228
relay_sparse,delayed,consensus_gated,degraded,40,1.0,1.0,0.575,76.45294702380491,0.6,0.90625,0.575,0.11862273724497041,0.035416666666666666,0.035416666666666666,0.975,0.0,0.0,0.0013191861601978242,10.037719298245614,0.6484088792411615,0.05062516537958649,0.0,1.0,1.0,1.0,1.0,0.425,0.725,75.20016254539807,77.83469304635231
relay_sparse,delayed,consensus_gated,severe,40,1.0,1.0,0.55,76.02717885979833,0.55,0.8916666666666666,0.5875,0.11888798299681988,0.04583333333333333,0.04583333333333333,1.15,0.0,0.0007291666666666667,0.0042792960272474865,20.225250626566414,0.5545110282729034,0.08182804806623276,0.0,1.0,1.0,1.0,1.0,0.4,0.7006249999999994,74.43086562829482,77.67156681613558
relay_sparse,delayed,crowd_vector,degraded,40,1.0,1.0,0.625,76.87035699270321,0.475,0.90625,0.575,0.11386621551148926,0.035416666666666666,0.035416666666666666,0.75,0.0,0.0,0.0012705106001980313,10.066688311688312,0.6420436354377489,0.05136777576021786,0.0,1.0,1.0,1.0,1.0,0.475,0.775,75.46768023683062,78.31926561947937
relay_sparse,delayed,crowd_vector,severe,40,1.0,1.0,0.4,77.33573516329598,0.65,0.9,0.65,0.11484678076725359,0.0625,0.0625,1.075,0.0,0.0010890151515151514,0.004583907431078221,20.226277133511747,0.5487811024631768,0.08233717439767403,0.0,1.0,1.0,1.0,1.0,0.25,0.55,75.36794326599576,79.27901835132216
relay_sparse,delayed,stale_hold,degraded,40,1.0,1.0,0.625,77.09372157089899,0.45,0.9041666666666666,0.575,0.11027762928269828,0.03125,0.03125,0.85,0.00018518518518518518,0.0,0.0011030456005301824,10.0,0.6467999300452876,0.05099745037332613,0.0,1.0,1.0,1.0,1.0,0.475,0.775,75.59464688224803,78.64439323221475
relay_sparse,delayed,stale_hold,severe,40,1.0,1.0,0.45,75.08800234974203,0.625,0.89375,0.5625,0.11904528053579984,0.0625,0.0625,1.675,0.0,0.000726010101010101,0.004256518912624673,20.085190346556043,0.5565265723106064,0.08230919483858713,0.0,1.0,1.0,1.0,1.0,0.3,0.625,73.48753738567744,76.8141526549804
relay_sparse,no_shared,autonomous,degraded,40,1.0,1.0,0.575,76.25952950409253,0.6,0.9,0.575,0.11663794906267295,0.0375,0.0375,1.275,0.0,0.06992883379247015,0.03233395832199412,10.0809421182266,0.0,0.0,0.0,1.0,1.0,1.0,1.0,0.425,0.725,74.70581153975843,77.8843155513675
relay_sparse,no_shared,autonomous,severe,40,1.0,1.0,0.45,77.16022071334005,0.625,0.9,0.6,0.1131568491078309,0.05208333333333333,0.05208333333333333,0.225,0.0,0.06644570707070707,0.03068317228288539,20.17014354066986,0.0,0.0,0.0,1.0,1.0,1.0,1.0,0.299375,0.6,75.68103331293116,78.88505975220987
relay_sparse,no_shared,consensus_gated,degraded,40,1.0,1.0,0.65,76.51354022630414,0.475,0.9,0.5625,0.11271619326918866,0.041666666666666664,0.041666666666666664,0.675,0.0,0.07191259182736456,0.031058300137459943,10.049984051036683,0.6319362558064203,0.05147846718621385,0.0,1.0,1.0,1.0,1.0,0.5,0.8,75.03998961780768,77.99416297385233
relay_sparse,no_shared,consensus_gated,severe,40,1.0,1.0,0.425,76.29830807181074,0.6,0.89375,0.6375,0.12098293664932322,0.07291666666666666,0.07291666666666666,1.275,0.0,0.07460170616420617,0.03294748361302966,20.155394472771967,0.5413867440697878,0.08046109747323157,0.0,1.0,1.0,1.0,1.0,0.275,0.575,74.2964652961303,78.0354636392816
relay_sparse,no_shared,crowd_vector,degraded,40,1.0,1.0,0.625,75.834079951508,0.525,0.8958333333333334,0.5375,0.11489025155566782,0.03125,0.03125,1.05,0.0,0.06712436868686869,0.032144968513123755,10.028181818181817,0.6291411624351156,0.051631894559618155,0.0,1.0,1.0,1.0,1.0,0.475,0.775,74.6003942467453,77.15048426467213
relay_sparse,no_shared,crowd_vector,severe,40,1.0,1.0,0.55,77.09145255702961,0.55,0.8979166666666666,0.6,0.11419384077048714,0.04375,0.04375,0.475,0.0001785714285714286,0.07172004132231405,0.031795572916378564,20.131073446327683,0.5409169224570494,0.0815133428694548,0.0,1.0,1.0,1.0,1.0,0.4,0.7,75.45730757346116,78.78888224273548
relay_sparse,no_shared,stale_hold,degraded,40,1.0,1.0,0.575,77.76730398778209,0.475,0.9,0.6125,0.10947054050945601,0.041666666666666664,0.041666666666666664,0.425,0.0005634920634920635,0.06679063360881543,0.030941378275103137,10.15679650515177,0.6285034766271416,0.05207742554239512,0.0,1.0,1.0,1.0,1.0,0.424375,0.725,76.1374518903292,79.5665202453651
relay_sparse,no_shared,stale_hold,severe,40,1.0,1.0,0.45,76.45257899550185,0.625,0.8854166666666666,0.6,0.1111991554675104,0.06666666666666667,0.06666666666666667,0.7,0.0,0.06632891414141415,0.031055679001569154,20.171060308773633,0.5421746066386974,0.08008604891412954,0.0,1.0,1.0,1.0,1.0,0.325,0.6,75.04316383848888,78.06169114120084
relay_sparse,scout_belief,autonomous,degraded,40,1.0,1.0,0.5,75.14161132682837,0.7,0.9166666666666666,0.6375,0.12181713946730029,0.025,0.025,6.325,0.0,0.0,0.0026753610495544753,10.067185204390286,0.0,0.0,0.0,1.0,1.0,1.0,1.0,0.374375,0.65,73.17281554848226,77.08323349362529
relay_sparse,scout_belief,autonomous,severe,40,1.0,1.0,0.325,73.55524129585612,0.8,0.8854166666666666,0.6,0.1162993828111499,0.07083333333333333,0.07083333333333333,5.7,0.0,0.0003977272727272727,0.003056674875359624,20.33294894760412,0.0,0.0,0.0,1.0,1.0,1.0,1.0,0.2,0.475,71.7721774456665,75.52349955859468
relay_sparse,scout_belief,consensus_gated,degraded,40,1.0,1.0,0.6,76.88974396108384,0.45,0.89375,0.5875,0.11076791235757136,0.041666666666666664,0.041666666666666664,0.775,0.00018518518518518518,0.0,0.0031724263188418664,10.074339157361552,0.6456903202338987,0.052690781828942546,0.0,1.0,1.0,1.0,1.0,0.45,0.75,75.55750671371199,78.342023042582
relay_sparse,scout_belief,consensus_gated,severe,40,0.975,0.975,0.475,74.80082948634882,0.65,0.88125,0.575,0.11519450489705807,0.06458333333333333,0.06458333333333333,1.95,0.0,0.0005366161616161616,0.0036917841683483388,20.29718181238922,0.5558784748081355,0.08292689109954837,0.009423076923076923,0.925,1.0,0.9,1.0,0.325,0.625,73.06153630926566,76.44931224482109
relay_sparse,scout_belief,crowd_vector,degraded,40,1.0,1.0,0.55,77.59715106711883,0.525,0.9020833333333333,0.6375,0.11163365783416428,0.04583333333333333,0.04583333333333333,1.3,0.0001984126984126984,0.0,0.003359382613084975,10.050097465886939,0.6467192929472371,0.05320956985826057,0.0,1.0,1.0,1.0,1.0,0.4,0.7,75.88135903802697,79.49730866470168
relay_sparse,scout_belief,crowd_vector,severe,40,1.0,1.0,0.4,74.47701238469712,0.75,0.8770833333333334,0.55,0.1187552815738073,0.0625,0.0625,1.675,0.0,0.000726010101010101,0.004026315170267225,20.33946936306283,0.5563229191464727,0.08470430102173206,0.0,1.0,1.0,1.0,1.0,0.225,0.55,73.11264348367645,76.03509354473785
relay_sparse,scout_belief,stale_hold,degraded,40,1.0,1.0,0.575,75.85971298671782,0.55,0.8833333333333334,0.575,0.11371046258967224,0.04791666666666666,0.04791666666666666,1.25,0.00018518518518518518,0.0,0.003584781433444455,10.132858547230144,0.6499836150517685,0.05221119470839621,0.0,1.0,1.0,1.0,1.0,0.425,0.725,74.06396218695701,77.53396227119006
relay_sparse,scout_belief,stale_hold,severe,40,1.0,1.0,0.5,76.02454086314641,0.6,0.9,0.5875,0.11369570707119128,0.05416666666666666,0.05416666666666666,1.925,0.0,0.0001736111111111111,0.004019812610714401,20.286491012012792,0.5565881664757006,0.08246792298230454,0.0,1.0,1.0,1.0,1.0,0.35,0.65,74.29869202226853,77.84272518715005
