environment,team,relay_count,map_mode,command_mode,stress,seed,mission_success,safe_delivery_success,degraded_outcome,payload_delivery_rate,mean_progress,operational_score,attrition_rate,mean_hazard_exposure,mean_effective_map_delay,packet_loss,completion_step,mean_command_consensus,command_reversal_rate
webots_physics,no_relay_hetero,0,delayed_hazard,autonomous,degraded,2084759348,0,0,1,0.5,0.7215499663829893,64.38713478985194,0.0,0.13594396120011076,18,0.1,760,0.0,0.0
webots_physics,no_relay_hetero,0,delayed_hazard,autonomous,degraded,2101536967,0,0,1,0.5,0.6159380912022766,56.18527319013376,0.0,0.23309555997807216,18,0.1,760,0.0,0.0
webots_physics,no_relay_hetero,0,delayed_hazard,autonomous,degraded,2118314586,1,1,0,1.0,0.923724772094063,93.3284266112264,0.0,0.0829880214691046,18,0.1,456,0.0,0.0
webots_physics,no_relay_hetero,0,delayed_hazard,autonomous,degraded,2135092205,0,0,1,0.0,0.7275500240095246,38.86603436599331,0.0,0.2159171350326049,18,0.1,760,0.0,0.0
webots_physics,no_relay_hetero,0,delayed_hazard,autonomous,degraded,2017648872,0,0,1,0.5,0.6928782260087788,57.629077424210685,0.0,0.25208969214337335,18,0.1,760,0.0,0.0
webots_physics,no_relay_hetero,0,delayed_hazard,autonomous,degraded,2034426491,0,0,1,0.5,0.8834147257969446,66.94183249946687,0.0,0.15874493005131085,18,0.1,760,0.0,0.0
webots_physics,no_relay_hetero,0,delayed_hazard,autonomous,degraded,2051204110,1,1,0,1.0,0.8500766704791697,90.86368486064791,0.0,0.09493980395746555,18,0.1,530,0.0,0.0
webots_physics,no_relay_hetero,0,delayed_hazard,autonomous,degraded,2067981729,1,1,0,1.0,0.879383223559442,88.73930359321515,0.0,0.14341532180933905,18,0.1,567,0.0,0.0
webots_physics,no_relay_hetero,0,delayed_hazard,autonomous,severe,984692782,0,0,1,0.5,0.7909208002771712,63.28587800358964,0.0,0.18336379205249956,34,0.22,760,0.0,0.0
webots_physics,no_relay_hetero,0,delayed_hazard,autonomous,severe,1001470401,1,1,0,1.0,0.7892148968612359,87.38771306711058,0.0,0.12948761927244132,34,0.22,637,0.0,0.0
webots_physics,no_relay_hetero,0,delayed_hazard,autonomous,severe,951137544,1,1,0,1.0,0.8441080505461535,90.32401560918326,0.0,0.10173561606727598,34,0.22,540,0.0,0.0
webots_physics,no_relay_hetero,0,delayed_hazard,autonomous,severe,967915163,1,1,0,1.0,0.8393505894405333,90.46354538818638,0.0,0.09738632157233845,34,0.22,436,0.0,0.0
webots_physics,no_relay_hetero,0,delayed_hazard,autonomous,severe,1051803258,1,1,0,1.0,0.9249800176243452,89.06385125044285,0.0,0.15661147152928187,34,0.22,695,0.0,0.0
webots_physics,no_relay_hetero,0,delayed_hazard,autonomous,severe,1068580877,0,0,1,0.5,0.968959583662091,66.99381451176714,0.0,0.19304940850496646,34,0.22,760,0.0,0.0
webots_physics,no_relay_hetero,0,delayed_hazard,autonomous,severe,1018248020,0,0,1,0.5,0.7597315073148958,59.2335561755575,0.0,0.24095240040602114,34,0.22,760,0.0,0.0
webots_physics,no_relay_hetero,0,delayed_hazard,autonomous,severe,1035025639,1,1,0,1.0,0.9382300543049817,87.72654603838559,0.0,0.18498814739886804,34,0.22,730,0.0,0.0
webots_physics,no_relay_hetero,0,delayed_hazard,crowd_vector,degraded,3115483687,1,1,0,1.0,0.9599256006832793,92.83056777848256,0.0,0.1064167995071337,18,0.1,546,0.9156282023085306,0.0
webots_physics,no_relay_hetero,0,delayed_hazard,crowd_vector,degraded,3098706068,0,0,1,0.5,0.7918370894904033,61.652142374412314,0.0,0.21174767611469783,18,0.1,760,0.9295060781235921,0.0
webots_physics,no_relay_hetero,0,delayed_hazard,crowd_vector,degraded,3149038925,1,1,0,1.0,0.9345053958880417,93.02453522552955,0.0,0.09263304472771632,18,0.1,444,0.9108938974819631,0.0
webots_physics,no_relay_hetero,0,delayed_hazard,crowd_vector,degraded,3132261306,1,1,0,1.0,0.8791241747307906,91.36026253117362,0.0,0.09837801706912007,18,0.1,461,0.8962473048949204,0.0
webots_physics,no_relay_hetero,0,delayed_hazard,crowd_vector,degraded,3048373211,0,0,1,0.5,0.8924975005029809,64.7324917968122,0.0,0.2003562551187315,18,0.1,760,0.920738387443296,0.0
webots_physics,no_relay_hetero,0,delayed_hazard,crowd_vector,degraded,3031595592,1,1,0,1.0,0.8452450125698562,90.3008249936893,0.0,0.1026009481369241,18,0.1,618,0.9247465472213041,0.0
webots_physics,no_relay_hetero,0,delayed_hazard,crowd_vector,degraded,3081928449,1,1,0,1.0,0.9948149622618966,93.95295175001539,0.0,0.10153041161605937,18,0.1,474,0.9099767393330683,0.0
webots_physics,no_relay_hetero,0,delayed_hazard,crowd_vector,degraded,3065150830,0,0,1,0.5,0.9826205695240033,67.86953733683809,0.0,0.18365753711550845,18,0.1,760,0.9179530209405602,0.0
webots_physics,no_relay_hetero,0,delayed_hazard,crowd_vector,severe,640376689,1,1,0,1.0,0.9195435097003642,90.14738940889397,0.0,0.13579979698139608,34,0.22,675,0.8747399817042483,0.0
webots_physics,no_relay_hetero,0,delayed_hazard,crowd_vector,severe,623599070,1,1,0,1.0,0.8687593199395093,88.68956404741408,0.0,0.13989702224801384,34,0.22,481,0.8788524077124216,0.0
webots_physics,no_relay_hetero,0,delayed_hazard,crowd_vector,severe,606821451,1,1,0,1.0,0.7325037054148137,85.06945665406009,0.0,0.14589655330106435,34,0.22,676,0.8438135437633852,0.0
webots_physics,no_relay_hetero,0,delayed_hazard,crowd_vector,severe,590043832,1,0,1,1.0,0.6965072273852718,85.29107848017634,0.08333333333333337,0.09871591389263183,34,0.22,409,0.8775043147842775,0.0
webots_physics,no_relay_hetero,0,delayed_hazard,crowd_vector,severe,707487165,1,1,0,1.0,0.6667774325871664,84.21210978810579,0.0,0.13355226161119196,34,0.22,581,0.8547187510336508,0.0
webots_physics,no_relay_hetero,0,delayed_hazard,crowd_vector,severe,690709546,0,0,1,0.5,0.7787295753460302,59.68950980830472,0.0,0.31901913513792085,34,0.22,760,0.8844780176883241,0.0
webots_physics,no_relay_hetero,0,delayed_hazard,crowd_vector,severe,673931927,0,0,1,0.5,0.8645330363019311,66.36231638909055,0.0,0.1609110254083852,34,0.22,760,0.8747819319648872,0.0
webots_physics,no_relay_hetero,0,delayed_hazard,crowd_vector,severe,657154308,1,1,0,1.0,0.9961087743405367,94.06231245951258,0.0,0.10018796785131948,34,0.22,502,0.8713080272977718,0.0
webots_physics,no_relay_hetero,0,delayed_hazard,consensus_gated,degraded,3302453807,1,1,0,1.0,0.9115230952010629,91.73305218523848,0.0,0.1053171788500632,18,0.1,621,0.9158871624277221,0.0
webots_physics,no_relay_hetero,0,delayed_hazard,consensus_gated,degraded,3285676188,1,1,0,1.0,0.808261281692339,90.75262944587146,0.0,0.07963956539562315,18,0.1,485,0.9009013160095304,0.0
webots_physics,no_relay_hetero,0,delayed_hazard,consensus_gated,degraded,3336009045,1,1,0,1.0,0.8361545911242869,88.347188715794,0.0,0.1323517966489521,18,0.1,490,0.9199541689305396,0.0
webots_physics,no_relay_hetero,0,delayed_hazard,consensus_gated,degraded,3319231426,1,1,0,1.0,0.9688546957836389,91.8832134809633,0.0,0.1263308437344691,18,0.1,570,0.9119912002781028,0.0
webots_physics,no_relay_hetero,0,delayed_hazard,consensus_gated,degraded,3235343331,0,0,1,0.5,0.8727539065750407,67.04510598701384,0.0,0.15258836178492238,18,0.1,760,0.9134328936367695,0.0
webots_physics,no_relay_hetero,0,delayed_hazard,consensus_gated,degraded,3218565712,1,1,0,1.0,0.6803758939670095,85.89887508069704,0.0,0.11023108070590593,18,0.1,469,0.8492641311153614,0.0
webots_physics,no_relay_hetero,0,delayed_hazard,consensus_gated,degraded,3268898569,1,1,0,1.0,0.8286248375249441,89.94520599038735,0.0,0.1018592590321938,18,0.1,552,0.9160163208876873,0.0
webots_physics,no_relay_hetero,0,delayed_hazard,consensus_gated,degraded,3252120950,0,0,1,0.5,0.8977762156482445,66.21070025072926,0.0,0.17718735299706181,18,0.1,760,0.9132222102796517,0.0
webots_physics,no_relay_hetero,0,delayed_hazard,consensus_gated,severe,3908060153,1,1,0,1.0,0.8983389365775273,91.1631450630675,0.0,0.10966267568216828,34,0.22,537,0.8394661426083448,0.0
webots_physics,no_relay_hetero,0,delayed_hazard,consensus_gated,severe,3891282534,1,1,0,1.0,0.9599255866706727,92.37089319652557,0.0,0.11429692943263854,34,0.22,522,0.8754252170600278,0.0
webots_physics,no_relay_hetero,0,delayed_hazard,consensus_gated,severe,3874504915,1,1,0,1.0,0.915986625277926,92.02416330492889,0.0,0.1021631263155657,34,0.22,397,0.8157043706852725,0.0
webots_physics,no_relay_hetero,0,delayed_hazard,consensus_gated,severe,3857727296,1,1,0,1.0,0.97072759753621,92.91127359248645,0.0,0.10947752140084425,34,0.22,515,0.8351164032095133,0.0
webots_physics,no_relay_hetero,0,delayed_hazard,consensus_gated,severe,3975170629,0,0,1,0.5,0.8458624418202071,66.64452123778919,0.0,0.14839161198678466,34,0.22,760,0.8519711523174452,0.0
webots_physics,no_relay_hetero,0,delayed_hazard,consensus_gated,severe,3958393010,0,0,1,0.5,0.9443088447007876,64.2877241721823,0.0,0.22929751029662773,34,0.22,760,0.8794355305201362,0.0
webots_physics,no_relay_hetero,0,delayed_hazard,consensus_gated,severe,3941615391,1,1,0,1.0,0.8129342213353019,89.84545733472594,0.0,0.09711366818265095,34,0.22,507,0.8387837455375496,0.0
webots_physics,no_relay_hetero,0,delayed_hazard,consensus_gated,severe,3924837772,0,0,1,0.5,0.8601813030411741,63.31988287059739,0.0,0.21127660118384206,34,0.22,760,0.8731122283185713,0.0
webots_physics,relay_sparse,1,delayed_hazard,autonomous,degraded,1027392737,0,0,1,0.5,0.8282923754188162,64.96838208995159,0.0,0.16989659863028556,15,0.0888,760,0.0,0.0
webots_physics,relay_sparse,1,delayed_hazard,autonomous,degraded,1010615118,1,1,0,1.0,0.8404419657960362,88.30563539246661,0.0,0.13482808777094174,15,0.0888,756,0.0,0.0
webots_physics,relay_sparse,1,delayed_hazard,autonomous,degraded,993837499,1,1,0,1.0,0.8783480715166729,91.4363071257474,0.0,0.09675508441118987,15,0.0888,540,0.0,0.0
webots_physics,relay_sparse,1,delayed_hazard,autonomous,degraded,977059880,0,0,1,0.5,0.8167078151549171,64.5479485553897,0.0,0.17233781157134276,15,0.0888,760,0.0,0.0
webots_physics,relay_sparse,1,delayed_hazard,autonomous,degraded,1094503213,1,0,1,1.0,0.8125695746496463,88.00636997183904,0.08333333333333337,0.09991942548147095,15,0.0888,631,0.0,0.0
webots_physics,relay_sparse,1,delayed_hazard,autonomous,degraded,1077725594,0,0,1,0.5,0.7888378524607517,58.65607729245874,0.08333333333333337,0.23330339142741652,15,0.0888,760,0.0,0.0
webots_physics,relay_sparse,1,delayed_hazard,autonomous,degraded,1060947975,1,1,0,1.0,0.7967663934869971,88.64713186882703,0.0,0.11100448414047234,15,0.0888,694,0.0,0.0
webots_physics,relay_sparse,1,delayed_hazard,autonomous,degraded,1044170356,1,1,0,1.0,0.9682425323852701,92.91967981412145,0.0,0.10831098793928641,15,0.0888,592,0.0,0.0
webots_physics,relay_sparse,1,delayed_hazard,autonomous,severe,3025210695,0,0,1,0.5,0.7437092787396358,64.17600806888187,0.08333333333333337,0.12010882207204658,29,0.19536,760,0.0,0.0
webots_physics,relay_sparse,1,delayed_hazard,autonomous,severe,3008433076,0,0,1,0.5,0.6094980957066892,54.69706337143827,0.08333333333333337,0.22738670158038168,29,0.19536,760,0.0,0.0
webots_physics,relay_sparse,1,delayed_hazard,autonomous,severe,3058765933,1,1,0,1.0,0.6880769385855681,85.37053411477787,0.0,0.12245678419329883,29,0.19536,442,0.0,0.0
webots_physics,relay_sparse,1,delayed_hazard,autonomous,severe,3041988314,0,0,1,0.5,0.9454252903925892,64.78704002974305,0.0,0.22119714753735553,29,0.19536,760,0.0,0.0
webots_physics,relay_sparse,1,delayed_hazard,autonomous,severe,2958100219,1,0,1,1.0,0.7343626705854019,87.56236923857894,0.08333333333333337,0.07535431180806929,29,0.19536,466,0.0,0.0
webots_physics,relay_sparse,1,delayed_hazard,autonomous,severe,2941322600,1,0,1,1.0,0.9042568221319197,86.05291818738844,0.08333333333333337,0.17112992360761653,29,0.19536,729,0.0,0.0
webots_physics,relay_sparse,1,delayed_hazard,autonomous,severe,2991655457,1,1,0,1.0,0.5970074143564553,85.8843028303905,0.0,0.07618071624281905,29,0.19536,407,0.0,0.0
webots_physics,relay_sparse,1,delayed_hazard,autonomous,severe,2974877838,0,0,1,0.5,0.8838099102178799,65.56238012080834,0.0,0.18255527527578458,29,0.19536,760,0.0,0.0
webots_physics,relay_sparse,1,delayed_hazard,crowd_vector,degraded,740983782,1,0,1,1.0,0.8976783740332209,89.84127715003474,0.08333333333333337,0.10348006560164368,15,0.0888,419,0.9283685719449986,0.0
webots_physics,relay_sparse,1,delayed_hazard,crowd_vector,degraded,757761401,1,1,0,1.0,0.9429944913784664,91.34872069068754,0.0,0.12485395032678237,15,0.0888,512,0.9101733869091119,0.0
webots_physics,relay_sparse,1,delayed_hazard,crowd_vector,degraded,707428544,1,1,0,1.0,0.9101297050448385,89.82451157028483,0.0,0.13746173744213633,15,0.0888,602,0.8938199605190206,0.0
webots_physics,relay_sparse,1,delayed_hazard,crowd_vector,degraded,724206163,1,1,0,1.0,0.9058853176635892,90.61235982005866,0.0,0.12220950520915673,15,0.0888,370,0.8904978589832441,0.0
webots_physics,relay_sparse,1,delayed_hazard,crowd_vector,degraded,808094258,1,1,0,1.0,0.9890957063700042,92.76464533073562,0.0,0.11954831352247669,15,0.0888,507,0.9236346185145158,0.0
webots_physics,relay_sparse,1,delayed_hazard,crowd_vector,degraded,824871877,1,1,0,1.0,0.8257610908440487,88.6846985364895,0.0,0.12228973103601708,15,0.0888,426,0.9022173865984262,0.0
webots_physics,relay_sparse,1,delayed_hazard,crowd_vector,degraded,774539020,1,0,1,1.0,0.8611910375837394,88.77956894973465,0.08333333333333337,0.10666884489614448,15,0.0888,452,0.9321943242304129,0.0
webots_physics,relay_sparse,1,delayed_hazard,crowd_vector,degraded,791316639,1,1,0,1.0,0.9427356737700054,89.03407198882027,0.0,0.16442715739988306,15,0.0888,714,0.9169619055920819,0.0
webots_physics,relay_sparse,1,delayed_hazard,crowd_vector,severe,3233832908,0,0,1,0.0,0.8213626822351782,38.04603770697761,0.08333333333333337,0.26145071074623294,29,0.19536,760,0.8827417432177124,0.0
webots_physics,relay_sparse,1,delayed_hazard,crowd_vector,severe,3250610527,1,1,0,1.0,0.9241243253136336,91.59989943060455,0.0,0.1127843036043882,29,0.19536,425,0.8447113501614738,0.0
webots_physics,relay_sparse,1,delayed_hazard,crowd_vector,severe,3267388146,1,0,1,1.0,0.8795907858135954,86.62223894470826,0.08333333333333337,0.15122182711116608,29,0.19536,753,0.8677089440963957,0.0
webots_physics,relay_sparse,1,delayed_hazard,crowd_vector,severe,3284165765,1,0,1,1.0,0.8963303292547752,88.79304108168418,0.08333333333333337,0.12089520263595005,29,0.19536,445,0.8832108829033428,0.0
webots_physics,relay_sparse,1,delayed_hazard,crowd_vector,severe,3166722432,1,0,1,1.0,0.9109412843099535,91.2337864530538,0.08333333333333337,0.08506521777802999,29,0.19536,400,0.8654629974190309,0.0
webots_physics,relay_sparse,1,delayed_hazard,crowd_vector,severe,3183500051,0,0,1,0.5,0.718545666334992,62.06482128942301,0.0,0.17451899490200198,29,0.19536,760,0.8454781593390701,0.0
webots_physics,relay_sparse,1,delayed_hazard,crowd_vector,severe,3200277670,1,0,1,1.0,0.8221038641969525,85.6627825781817,0.08333333333333337,0.14401788850077418,29,0.19536,380,0.8633494117839208,0.0
webots_physics,relay_sparse,1,delayed_hazard,crowd_vector,severe,3217055289,1,1,0,1.0,0.8061541095031165,88.41644999554664,0.0,0.11882140512905377,29,0.19536,413,0.8844005554537595,0.0
webots_physics,relay_sparse,1,delayed_hazard,consensus_gated,degraded,2823602824,0,0,1,0.5,0.824106090827175,61.226182258411384,0.0,0.23232623865327115,15,0.0888,760,0.9197193635427671,0.0
webots_physics,relay_sparse,1,delayed_hazard,consensus_gated,degraded,2840380443,1,0,1,1.0,0.7989691724821868,88.99886453542459,0.08333333333333337,0.0773096389282499,15,0.0888,412,0.9067156644790718,0.0
webots_physics,relay_sparse,1,delayed_hazard,consensus_gated,degraded,2857158062,1,1,0,1.0,0.7359124741565797,87.68036677917628,0.0,0.1025405588671139,15,0.0888,386,0.9161796357935551,0.0
webots_physics,relay_sparse,1,delayed_hazard,consensus_gated,degraded,2873935681,0,0,1,0.5,0.7598560585147974,59.115494419119855,0.08333333333333337,0.21350373117546206,15,0.0888,760,0.9080959191295679,0.0
webots_physics,relay_sparse,1,delayed_hazard,consensus_gated,degraded,2890713300,0,0,1,0.5,0.7552799040069593,61.27159403520206,0.08333333333333337,0.17465926275939933,15,0.0888,760,0.9292702211154592,0.0
webots_physics,relay_sparse,1,delayed_hazard,consensus_gated,degraded,2907490919,1,1,0,1.0,0.924418784177468,92.21245136685087,0.0,0.10240456205842897,15,0.0888,405,0.9229693070139741,0.0
webots_physics,relay_sparse,1,delayed_hazard,consensus_gated,degraded,2924268538,1,1,0,1.0,0.9776122192648874,92.32362947672273,0.0,0.12238395061087809,15,0.0888,592,0.9244792881634191,0.0
webots_physics,relay_sparse,1,delayed_hazard,consensus_gated,degraded,2941046157,0,0,1,0.5,0.8443903638564924,65.54384704681217,0.0,0.16665465746989097,15,0.0888,760,0.9214856568932015,0.0
webots_physics,relay_sparse,1,delayed_hazard,consensus_gated,severe,2934031026,1,1,0,1.0,0.8763224718289134,88.24408783821613,0.0,0.15064545404019053,29,0.19536,576,0.8720564865946288,0.0
webots_physics,relay_sparse,1,delayed_hazard,consensus_gated,severe,2950808645,1,0,1,1.0,0.9154207113986353,88.79534006641792,0.08333333333333337,0.12871012012255986,29,0.19536,524,0.8456720913008591,0.0024752475247524753
webots_physics,relay_sparse,1,delayed_hazard,consensus_gated,severe,2900475788,0,0,1,0.5,0.9324805328384095,66.69182158934723,0.08333333333333337,0.15464647769327908,29,0.19536,760,0.8744548265174588,0.0
webots_physics,relay_sparse,1,delayed_hazard,consensus_gated,severe,2917253407,1,1,0,1.0,0.9701508934847883,92.60975084178288,0.0,0.11440921031746375,29,0.19536,540,0.8661450352040648,0.0
webots_physics,relay_sparse,1,delayed_hazard,consensus_gated,severe,2866920550,1,1,0,1.0,0.9954332411084342,93.12826301773708,0.0,0.11592231032340565,29,0.19536,506,0.8666364007888019,0.0
webots_physics,relay_sparse,1,delayed_hazard,consensus_gated,severe,2883698169,1,0,1,1.0,0.9324174339318266,87.57176585185562,0.08333333333333337,0.15667861535728378,29,0.19536,693,0.8618546577716849,0.0
webots_physics,relay_sparse,1,delayed_hazard,consensus_gated,severe,2833365312,0,0,1,0.5,0.9562252003871472,64.5571439975051,0.0,0.2295816139163389,29,0.19536,760,0.8492644052919323,0.0
webots_physics,relay_sparse,1,delayed_hazard,consensus_gated,severe,2850142931,1,1,0,1.0,0.8652481160059903,89.06059795713284,0.0,0.13209183132018745,29,0.19536,390,0.8761249481366032,0.0
webots_physics,balanced_hetero,2,delayed_hazard,autonomous,degraded,789551239,0,0,1,0.5,0.7596690530373857,60.262546180755514,0.16666666666666663,0.16519161872242977,12,0.0776,760,0.0,0.0
webots_physics,balanced_hetero,2,delayed_hazard,autonomous,degraded,772773620,0,0,1,0.0,0.5901909995078632,34.16458398818872,0.0,0.24881329392712287,12,0.0776,760,0.0,0.0
webots_physics,balanced_hetero,2,delayed_hazard,autonomous,degraded,823106477,1,0,1,1.0,0.670799191523805,85.80503851483977,0.08333333333333337,0.07932814997254098,12,0.0776,575,0.0,0.0
webots_physics,balanced_hetero,2,delayed_hazard,autonomous,degraded,806328858,0,0,1,0.5,0.7601489500212665,62.55947470423797,0.0,0.1831560016503844,12,0.0776,760,0.0,0.0
webots_physics,balanced_hetero,2,delayed_hazard,autonomous,degraded,722440763,1,1,0,1.0,0.7581409693344866,89.89881423761918,0.0,0.0736554690241459,12,0.0776,462,0.0,0.0
webots_physics,balanced_hetero,2,delayed_hazard,autonomous,degraded,705663144,0,0,1,0.5,0.7407334196430578,60.17701156969806,0.08333333333333337,0.18743869431546287,12,0.0776,760,0.0,0.0
webots_physics,balanced_hetero,2,delayed_hazard,autonomous,degraded,755996001,1,1,0,1.0,0.8234215971299447,91.41275690217924,0.0,0.07456048163896162,12,0.0776,407,0.0,0.0
webots_physics,balanced_hetero,2,delayed_hazard,autonomous,degraded,739218382,1,0,1,1.0,0.8798832721062491,87.26468326826199,0.08333333333333337,0.14032883306779412,12,0.0776,730,0.0,0.0
webots_physics,balanced_hetero,2,delayed_hazard,autonomous,severe,269251153,1,0,1,1.0,0.7221061899765434,85.84486598154045,0.16666666666666663,0.07118312990679894,23,0.17072,523,0.0,0.0
webots_physics,balanced_hetero,2,delayed_hazard,autonomous,severe,252473534,1,0,1,1.0,0.8385991311725096,88.55172863592871,0.08333333333333337,0.10127972306648321,23,0.17072,529,0.0,0.0
webots_physics,balanced_hetero,2,delayed_hazard,autonomous,severe,235695915,1,0,1,1.0,0.6376303433069791,83.13560128717583,0.08333333333333337,0.11144331918042867,23,0.17072,438,0.0,0.0
webots_physics,balanced_hetero,2,delayed_hazard,autonomous,severe,218918296,0,0,1,0.5,0.8015353875085363,64.3086430364223,0.0,0.1701978216648442,23,0.17072,760,0.0,0.0
webots_physics,balanced_hetero,2,delayed_hazard,autonomous,severe,336361629,0,0,1,0.5,0.7500764444510906,57.59799226032955,0.08333333333333337,0.23549444125422803,23,0.17072,760,0.0,0.0
webots_physics,balanced_hetero,2,delayed_hazard,autonomous,severe,319584010,1,1,0,1.0,0.6628053635054286,87.63959054295042,0.0,0.0731612259630835,23,0.17072,399,0.0,0.0
webots_physics,balanced_hetero,2,delayed_hazard,autonomous,severe,302806391,0,0,1,0.5,0.7877369485889968,58.47998151332333,0.16666666666666663,0.2072978043339301,23,0.17072,760,0.0,0.0
webots_physics,balanced_hetero,2,delayed_hazard,autonomous,severe,286028772,0,0,1,0.5,0.922794453428971,67.2222599881611,0.0,0.17013954675658635,23,0.17072,760,0.0,0.0
webots_physics,balanced_hetero,2,delayed_hazard,crowd_vector,degraded,4202289588,1,1,0,1.0,0.8318403663685764,90.80048883301481,0.0,0.0885202278828174,12,0.0776,428,0.9056559672228013,0.0
webots_physics,balanced_hetero,2,delayed_hazard,crowd_vector,degraded,4219067207,1,0,1,1.0,0.6784886820241082,86.22991772045333,0.08333333333333337,0.07520818253929026,12,0.0776,462,0.8843998195528041,0.0
webots_physics,balanced_hetero,2,delayed_hazard,crowd_vector,degraded,4235844826,1,1,0,1.0,0.8534465619297325,92.01738569799345,0.0,0.07654854494263072,12,0.0776,391,0.8980098551261204,0.0
webots_physics,balanced_hetero,2,delayed_hazard,crowd_vector,degraded,4252622445,1,1,0,1.0,0.7117380274773497,86.29152975394074,0.0,0.11640313552312537,12,0.0776,458,0.8893083701143057,0.0
webots_physics,balanced_hetero,2,delayed_hazard,crowd_vector,degraded,4135179112,1,1,0,1.0,0.9036094229051362,91.59797287897473,0.0,0.10437691321283202,12,0.0776,451,0.8934921858282223,0.0
webots_physics,balanced_hetero,2,delayed_hazard,crowd_vector,degraded,4151956731,0,0,1,0.5,0.8451657245792804,64.7308724113676,0.0,0.18091037106060204,12,0.0776,760,0.910939055198954,0.0
webots_physics,balanced_hetero,2,delayed_hazard,crowd_vector,degraded,4168734350,0,0,1,0.5,0.8832701225478005,65.09918131830135,0.0,0.1902737421059289,12,0.0776,760,0.9170839123676015,0.0
webots_physics,balanced_hetero,2,delayed_hazard,crowd_vector,degraded,4185511969,0,0,1,0.5,0.6632166408965442,56.17938757815379,0.08333333333333337,0.22407677377194177,12,0.0776,760,0.9177443047157783,0.0
webots_physics,balanced_hetero,2,delayed_hazard,crowd_vector,severe,2847491758,0,0,1,0.5,0.673127047390191,56.20215072930098,0.08333333333333337,0.22776397270966173,23,0.17072,760,0.8714441475064213,0.0
webots_physics,balanced_hetero,2,delayed_hazard,crowd_vector,severe,2864269377,0,0,1,0.5,0.7859245073745508,63.00509788756018,0.0,0.18612154781878343,23,0.17072,760,0.8443675226725151,0.0
webots_physics,balanced_hetero,2,delayed_hazard,crowd_vector,severe,2813936520,1,1,0,1.0,0.9372983983938753,89.47524180420781,0.0,0.15462719583848888,23,0.17072,500,0.8440771097558029,0.0
webots_physics,balanced_hetero,2,delayed_hazard,crowd_vector,severe,2830714139,0,0,1,0.5,0.8344747495255348,61.498152037580255,0.16666666666666663,0.1747870048748444,23,0.17072,760,0.865256637511173,0.0
webots_physics,balanced_hetero,2,delayed_hazard,crowd_vector,severe,2914602234,1,0,1,1.0,0.6822883012300566,78.1032360533949,0.08333333333333337,0.21608599730502506,23,0.17072,726,0.8508796939166589,0.0
webots_physics,balanced_hetero,2,delayed_hazard,crowd_vector,severe,2931379853,1,0,1,1.0,0.878046445342927,89.21289134589291,0.08333333333333337,0.10617525729721154,23,0.17072,434,0.8781326273461145,0.0
webots_physics,balanced_hetero,2,delayed_hazard,crowd_vector,severe,2881046996,0,0,1,0.5,0.8309941759274403,57.83513924061383,0.25,0.2075780739710526,23,0.17072,760,0.8610282653636976,0.0
webots_physics,balanced_hetero,2,delayed_hazard,crowd_vector,severe,2897824615,1,0,1,1.0,0.7261378325146083,82.04443831414203,0.08333333333333337,0.1665634799921471,23,0.17072,399,0.8733970081708958,0.0
webots_physics,balanced_hetero,2,delayed_hazard,consensus_gated,degraded,3998230570,0,0,1,0.5,0.8665965044268771,61.798316106245046,0.0,0.26168769117231283,12,0.0776,760,0.9223708269544096,0.0
webots_physics,balanced_hetero,2,delayed_hazard,consensus_gated,degraded,4015008189,1,0,1,1.0,0.8225893986843996,84.28290022175557,0.16666666666666663,0.13930134880005757,12,0.0776,649,0.9201269754206658,0.0
webots_physics,balanced_hetero,2,delayed_hazard,consensus_gated,degraded,3964675332,1,1,0,1.0,0.9250652822772839,91.09608644569661,0.0,0.12180823421071191,12,0.0776,587,0.9152485211928874,0.0
webots_physics,balanced_hetero,2,delayed_hazard,consensus_gated,degraded,3981452951,1,1,0,1.0,0.8264501194504624,88.45383292388091,0.0,0.1265309133073743,12,0.0776,490,0.926483534310092,0.0
webots_physics,balanced_hetero,2,delayed_hazard,consensus_gated,degraded,3931120094,1,0,1,1.0,0.8436700641023266,90.20701699618023,0.08333333333333337,0.07498967786758202,12,0.0776,525,0.918518166149585,0.0
webots_physics,balanced_hetero,2,delayed_hazard,consensus_gated,degraded,3947897713,1,0,1,1.0,0.7246239498568802,87.88346068547462,0.08333333333333337,0.06584309904726594,12,0.0776,381,0.8985976376029835,0.0
webots_physics,balanced_hetero,2,delayed_hazard,consensus_gated,degraded,3897564856,1,0,1,1.0,0.7684221938978224,86.12703826639063,0.16666666666666663,0.08540161806555059,12,0.0776,555,0.8802175632416142,0.0
webots_physics,balanced_hetero,2,delayed_hazard,consensus_gated,degraded,3914342475,1,0,1,1.0,0.8661476698548961,86.8773625397893,0.08333333333333337,0.14131739777248345,12,0.0776,742,0.915132557896978,0.0
webots_physics,balanced_hetero,2,delayed_hazard,consensus_gated,severe,14319408,1,0,1,1.0,0.7014453828995398,84.48608122856017,0.16666666666666663,0.08597613647477913,23,0.17072,528,0.8520187715228728,0.0
webots_physics,balanced_hetero,2,delayed_hazard,consensus_gated,severe,31097027,1,0,1,1.0,0.7683053905929814,86.62071917494049,0.08333333333333337,0.1054618891307038,23,0.17072,593,0.864627704321869,0.0
webots_physics,balanced_hetero,2,delayed_hazard,consensus_gated,severe,47874646,0,0,1,0.5,0.7306855619533943,55.86654140773397,0.16666666666666663,0.228627064213957,23,0.17072,760,0.8659280145877788,0.0
webots_physics,balanced_hetero,2,delayed_hazard,consensus_gated,severe,64652265,0,0,1,0.5,0.7177156460239464,55.17297217012005,0.16666666666666663,0.2351806285906516,23,0.17072,760,0.862847402263806,0.0
webots_physics,balanced_hetero,2,delayed_hazard,consensus_gated,severe,81429884,1,0,1,1.0,0.700020740857401,82.41192426474059,0.16666666666666663,0.12094697455720627,23,0.17072,507,0.877723476786376,0.0
webots_physics,balanced_hetero,2,delayed_hazard,consensus_gated,severe,98207503,1,0,1,1.0,0.867676010498451,88.48027574724387,0.08333333333333337,0.11446768865232501,23,0.17072,515,0.8436951477590794,0.0
webots_physics,balanced_hetero,2,delayed_hazard,consensus_gated,severe,114985122,1,0,1,1.0,0.5510063115967275,83.33486582748206,0.08333333333333337,0.07238775401438972,23,0.17072,401,0.7993239116130285,0.0
webots_physics,balanced_hetero,2,delayed_hazard,consensus_gated,severe,131762741,1,1,0,1.0,0.8093098350779462,88.50803026536765,0.0,0.1185498133114807,23,0.17072,438,0.8682938800565814,0.0
webots_physics,relay_rich,4,delayed_hazard,autonomous,degraded,3919617035,1,1,0,1.0,0.9760336793678309,93.39369335199062,0.0,0.10339054204864001,6,0.055200000000000006,594,0.0,0.0
webots_physics,relay_rich,4,delayed_hazard,autonomous,degraded,3902839416,1,1,0,1.0,0.6781824443957137,88.53500178443124,0.0,0.06413788938970093,6,0.055200000000000006,386,0.0,0.0
webots_physics,relay_rich,4,delayed_hazard,autonomous,degraded,3953172273,1,0,1,1.0,0.7635363495394824,87.09018522025393,0.08333333333333337,0.09545178003474832,6,0.055200000000000006,553,0.0,0.0
webots_physics,relay_rich,4,delayed_hazard,autonomous,degraded,3936394654,1,0,1,1.0,0.7786830835344943,84.09100430667056,0.25,0.09595525196841104,6,0.055200000000000006,526,0.0,0.0
webots_physics,relay_rich,4,delayed_hazard,autonomous,degraded,3986727511,0,0,1,0.5,0.7581293377620483,60.51935240363755,0.16666666666666663,0.1601557434740276,6,0.055200000000000006,760,0.0,0.0
webots_physics,relay_rich,4,delayed_hazard,autonomous,degraded,3969949892,1,0,1,1.0,0.6296733787696902,82.81697560869117,0.16666666666666663,0.08506032254482417,6,0.055200000000000006,401,0.0,0.0
webots_physics,relay_rich,4,delayed_hazard,autonomous,degraded,4020282749,1,0,1,1.0,0.857688956208931,86.35989887690926,0.08333333333333337,0.14670804695037293,6,0.055200000000000006,720,0.0,0.0
webots_physics,relay_rich,4,delayed_hazard,autonomous,degraded,4003505130,0,0,1,0.5,0.763905816974359,57.628493856991355,0.25,0.18351849857817015,6,0.055200000000000006,760,0.0,0.0
webots_physics,relay_rich,4,delayed_hazard,autonomous,severe,728515477,0,0,1,0.5,0.7567273475532064,62.95971649321967,0.08333333333333337,0.1463155402524104,12,0.12144,760,0.0,0.0
webots_physics,relay_rich,4,delayed_hazard,autonomous,severe,711737858,0,0,1,0.5,0.7137050564008022,56.397442423714054,0.33333333333333337,0.15539678165551765,12,0.12144,760,0.0,0.0
webots_physics,relay_rich,4,delayed_hazard,autonomous,severe,694960239,0,0,1,0.5,0.6385814438484959,59.046288257863424,0.16666666666666663,0.1362228524771512,12,0.12144,760,0.0,0.0
webots_physics,relay_rich,4,delayed_hazard,autonomous,severe,678182620,1,0,1,1.0,0.7854476432396221,86.65236567945908,0.16666666666666663,0.08340076157071719,12,0.12144,571,0.0,0.0
webots_physics,relay_rich,4,delayed_hazard,autonomous,severe,661405001,0,0,1,0.5,0.7998884068000328,60.57273747331278,0.16666666666666663,0.17642144496950887,12,0.12144,760,0.0,0.0
webots_physics,relay_rich,4,delayed_hazard,autonomous,severe,644627382,1,0,1,1.0,0.685728139051069,81.92473494578779,0.16666666666666663,0.12341840671036336,12,0.12144,656,0.0,0.0
webots_physics,relay_rich,4,delayed_hazard,autonomous,severe,627849763,1,0,1,1.0,0.9442608322796104,89.28043191000509,0.08333333333333337,0.13225990968066656,12,0.12144,700,0.0,0.0
webots_physics,relay_rich,4,delayed_hazard,autonomous,severe,611072144,1,0,1,1.0,0.5711747823476178,84.36662913281683,0.08333333333333337,0.0629982681747313,12,0.12144,385,0.0,0.0
webots_physics,relay_rich,4,delayed_hazard,crowd_vector,degraded,735186632,1,0,1,1.0,0.7123571889351359,86.6426619871986,0.16666666666666663,0.05349560938133718,6,0.055200000000000006,373,0.9058412279026339,0.0
webots_physics,relay_rich,4,delayed_hazard,crowd_vector,degraded,751964251,0,0,1,0.5,0.8264438523078654,60.51279907587761,0.16666666666666663,0.18837462936304858,6,0.055200000000000006,760,0.9216878523283444,0.0
webots_physics,relay_rich,4,delayed_hazard,crowd_vector,degraded,768741870,1,0,1,1.0,0.8418935747932462,89.37733572393812,0.08333333333333337,0.08848188693313919,6,0.055200000000000006,491,0.915188756186795,0.0
webots_physics,relay_rich,4,delayed_hazard,crowd_vector,degraded,785519489,1,0,1,1.0,0.7789162619067227,86.40069453415234,0.16666666666666663,0.08502792717044041,6,0.055200000000000006,617,0.9213232641686238,0.0
webots_physics,relay_rich,4,delayed_hazard,crowd_vector,degraded,802297108,0,0,1,0.5,0.883741566013255,65.4997148293479,0.08333333333333337,0.15502999008520382,6,0.055200000000000006,760,0.9130567660373672,0.0
webots_physics,relay_rich,4,delayed_hazard,crowd_vector,degraded,819074727,1,1,0,1.0,0.8814615361157435,90.33995156767624,0.0,0.11683071941317026,6,0.055200000000000006,458,0.9216418684618165,0.0
webots_physics,relay_rich,4,delayed_hazard,crowd_vector,degraded,835852346,0,0,1,0.5,0.8577880936110547,63.271697812521964,0.25,0.12540371029960015,6,0.055200000000000006,760,0.9188202926259283,0.0
webots_physics,relay_rich,4,delayed_hazard,crowd_vector,degraded,852629965,0,0,1,0.5,0.7454997025652806,59.49675605361807,0.16666666666666663,0.17248977385054845,6,0.055200000000000006,760,0.9278809894519641,0.0
webots_physics,relay_rich,4,delayed_hazard,crowd_vector,severe,1623366386,1,0,1,1.0,0.819711694062688,87.127715879351,0.08333333333333337,0.11792053905406016,12,0.12144,603,0.8658948980183879,0.0
webots_physics,relay_rich,4,delayed_hazard,crowd_vector,severe,1640144005,1,0,1,1.0,0.7396491033346496,85.24976978627105,0.08333333333333337,0.11717386332160927,12,0.12144,530,0.8518979226335778,0.0
webots_physics,relay_rich,4,delayed_hazard,crowd_vector,severe,1589811148,1,0,1,1.0,0.7195642637304349,84.12796420417828,0.08333333333333337,0.12814133929175117,12,0.12144,347,0.8715621367199702,0.0
webots_physics,relay_rich,4,delayed_hazard,crowd_vector,severe,1606588767,1,0,1,1.0,0.8556830757683754,87.22378708799656,0.08333333333333337,0.13107325823619048,12,0.12144,692,0.8424556289975409,0.0
webots_physics,relay_rich,4,delayed_hazard,crowd_vector,severe,1556255910,1,0,1,1.0,0.8753748901558192,89.3509749399537,0.08333333333333337,0.10270895583633084,12,0.12144,394,0.8615596905355462,0.0
webots_physics,relay_rich,4,delayed_hazard,crowd_vector,severe,1573033529,0,0,1,0.5,0.9011461688780323,57.62750805307277,0.25,0.24633119783480356,12,0.12144,760,0.889878841512879,0.0015060240963855422
webots_physics,relay_rich,4,delayed_hazard,crowd_vector,severe,1522700672,0,0,1,0.5,0.8730737032977242,63.49028232598346,0.16666666666666663,0.15651691233991868,12,0.12144,760,0.8639526203125232,0.0
webots_physics,relay_rich,4,delayed_hazard,crowd_vector,severe,1539478291,1,0,1,1.0,0.7897777381116965,87.2821377366624,0.16666666666666663,0.07438619390888548,12,0.12144,475,0.8495633656749215,0.0
webots_physics,relay_rich,4,delayed_hazard,consensus_gated,degraded,2089628006,1,1,0,1.0,0.8634432218563388,89.24229787601932,0.0,0.12823439054627703,6,0.055200000000000006,542,0.9229495981970783,0.0
webots_physics,relay_rich,4,delayed_hazard,consensus_gated,degraded,2106405625,1,0,1,1.0,0.706206716470288,85.78009736637678,0.08333333333333337,0.09432337992417388,6,0.055200000000000006,372,0.9206916423157823,0.0
webots_physics,relay_rich,4,delayed_hazard,consensus_gated,degraded,2056072768,1,0,1,1.0,0.7763254784672066,86.41224609215665,0.16666666666666663,0.0837639781323938,6,0.055200000000000006,378,0.875560541656225,0.0
webots_physics,relay_rich,4,delayed_hazard,consensus_gated,degraded,2072850387,1,1,0,1.0,0.9554711309704156,93.35623038652626,0.0,0.0955727444016637,6,0.055200000000000006,387,0.9150952922301692,0.0
webots_physics,relay_rich,4,delayed_hazard,consensus_gated,degraded,2156738482,0,0,1,0.5,0.6568533974366424,57.35809025402882,0.08333333333333337,0.20125242201915297,6,0.055200000000000006,760,0.916362503821997,0.0
webots_physics,relay_rich,4,delayed_hazard,consensus_gated,degraded,2173516101,1,0,1,1.0,0.850532045031391,88.71411840341031,0.16666666666666663,0.07483401161159543,6,0.055200000000000006,529,0.9088450624359586,0.0
webots_physics,relay_rich,4,delayed_hazard,consensus_gated,degraded,2123183244,1,1,0,1.0,0.7547631160328855,87.67996919257465,0.0,0.1103030672951076,6,0.055200000000000006,424,0.932314479684278,0.0
webots_physics,relay_rich,4,delayed_hazard,consensus_gated,degraded,2139960863,1,0,1,1.0,0.7767106603500289,86.80921241101704,0.16666666666666663,0.07711731606943413,6,0.055200000000000006,526,0.9094490384515083,0.0
webots_physics,relay_rich,4,delayed_hazard,consensus_gated,severe,1343287628,0,0,1,0.5,0.7387827222259103,61.165791687252245,0.25,0.11254274822005035,12,0.12144,760,0.8499219782758282,0.0
webots_physics,relay_rich,4,delayed_hazard,consensus_gated,severe,1360065247,1,0,1,1.0,0.8642856270718186,87.54444858517644,0.08333333333333337,0.12911553939223794,12,0.12144,660,0.8411017028690316,0.0
webots_physics,relay_rich,4,delayed_hazard,consensus_gated,severe,1376842866,1,0,1,1.0,0.7624655067038524,85.34024106570006,0.16666666666666663,0.09643881877472693,12,0.12144,383,0.834453558571243,0.0
webots_physics,relay_rich,4,delayed_hazard,consensus_gated,severe,1393620485,0,0,1,0.5,0.6969211504633986,54.392774277788234,0.16666666666666663,0.2857619428757078,12,0.12144,760,0.8659362563186008,0.0
webots_physics,relay_rich,4,delayed_hazard,consensus_gated,severe,1276177152,1,0,1,1.0,0.7784731210264307,79.01711769426132,0.16666666666666663,0.21142120932068023,12,0.12144,561,0.88278221150029,0.0
webots_physics,relay_rich,4,delayed_hazard,consensus_gated,severe,1292954771,0,0,1,0.5,0.8410824169933134,60.883470593264555,0.25,0.15947155567842805,12,0.12144,760,0.8644620794118788,0.0014992503748125937
webots_physics,relay_rich,4,delayed_hazard,consensus_gated,severe,1309732390,1,0,1,1.0,0.8013299402520987,85.53880155642514,0.16666666666666663,0.10902486302214698,12,0.12144,674,0.8588009133540291,0.0
webots_physics,relay_rich,4,delayed_hazard,consensus_gated,severe,1326510009,0,0,1,0.5,0.9395536290879893,63.93207112192884,0.16666666666666663,0.17629513102027836,12,0.12144,760,0.8626307007518401,0.0
