stress,team,map_mode,command_mode,n,safe_delivery,operational_score,degraded,exposure,attrition,map_mse,false_safe,effective_delay,consensus
degraded,balanced_hetero,delayed,autonomous,12,0.16666666666666666,69.88854410201232,0.9166666666666666,0.13597764030171117,0.06944444444444442,0.0008503703031532999,0.0,8.201362281822052,0.0
degraded,balanced_hetero,delayed,consensus_gated,12,0.5833333333333334,75.58585457177459,0.5,0.11058604191444162,0.03472222222222221,0.0007352834457043249,0.0,8.285714285714286,0.6409783238428126
degraded,balanced_hetero,delayed,crowd_vector,12,0.5,78.99022228887056,0.5,0.1189711100637799,0.055555555555555546,0.0009441104820450084,0.0,8.157070707070707,0.6386869025140349
degraded,balanced_hetero,delayed,stale_hold,12,0.3333333333333333,77.08183413312901,0.6666666666666666,0.1152325535693482,0.06249999999999997,0.0008680258501991,0.0,8.310515723885354,0.6439554685118306
degraded,balanced_hetero,no_shared,autonomous,12,0.3333333333333333,77.31540478379196,0.75,0.11148940630760763,0.06249999999999997,0.031074396410684615,0.07165404040404035,8.0,0.0
degraded,balanced_hetero,no_shared,consensus_gated,12,0.6666666666666666,78.20237945641682,0.4166666666666667,0.10536472494413766,0.04166666666666665,0.030118244116635707,0.06941096571778387,8.078947368421053,0.627072069937735
degraded,balanced_hetero,no_shared,crowd_vector,12,0.5,76.70978353957177,0.5833333333333334,0.11895472427233768,0.04166666666666665,0.03241451266705297,0.07031489133761855,8.0,0.632259942704059
degraded,balanced_hetero,no_shared,stale_hold,12,0.5,76.53941640921063,0.5833333333333334,0.11543350933674294,0.04166666666666665,0.032100502323612674,0.06966444750535657,8.0,0.6258813971086368
degraded,balanced_hetero,perfect,autonomous,12,0.3333333333333333,71.8275036810217,0.75,0.12084425432468547,0.06249999999999998,0.0,0.0,8.0,0.0
degraded,balanced_hetero,perfect,consensus_gated,12,0.5833333333333334,78.09962699063837,0.4166666666666667,0.1177902531100743,0.04166666666666665,0.0,0.0,8.137212643678161,0.6474155264451797
degraded,balanced_hetero,perfect,crowd_vector,12,0.75,78.73130455866642,0.3333333333333333,0.1127236796865647,0.020833333333333325,0.0,0.0,8.095238095238095,0.6432859084476072
degraded,balanced_hetero,perfect,stale_hold,12,0.75,78.56576052077477,0.25,0.1012258796470842,0.027777777777777766,0.0,0.0,8.261835184102864,0.6389685473343075
degraded,balanced_hetero,scout_belief,autonomous,12,0.5,74.35099909061711,0.5,0.12181366508395332,0.055555555555555546,0.002861799757162125,0.0,8.066091954022989,0.0
degraded,balanced_hetero,scout_belief,consensus_gated,12,0.5,75.83288310878007,0.6666666666666666,0.11128749823768881,0.05555555555555553,0.003338845668414433,0.0,8.18007662835249,0.6423977798402246
degraded,balanced_hetero,scout_belief,crowd_vector,12,0.8333333333333334,76.65447827833566,0.25,0.11451296038805857,0.020833333333333325,0.0036878343347467833,0.0,8.122023809523808,0.6384808681302857
degraded,balanced_hetero,scout_belief,stale_hold,12,0.6666666666666666,75.29021395222667,0.6666666666666666,0.11934954794649083,0.04166666666666665,0.0038053442409652417,0.0,8.078947368421053,0.6538428661197867
degraded,homogeneous,delayed,autonomous,12,0.6666666666666666,75.64426852662079,0.9166666666666666,0.1395107009308795,0.0,0.001678687110208325,0.0,12.0,0.0
degraded,homogeneous,delayed,consensus_gated,12,0.3333333333333333,74.47895835798688,1.0,0.14592060146443894,0.013888888888888883,0.0022864284169132666,0.0,12.0,0.6485400654020246
degraded,homogeneous,delayed,crowd_vector,12,0.5,76.78226679702418,0.9166666666666666,0.1406159662054932,0.0,0.002261074063534575,0.0,12.0,0.6446603891382389
degraded,homogeneous,delayed,stale_hold,12,0.5833333333333334,79.35127502396212,1.0,0.13733446126366408,0.0,0.002067667560033025,0.0,12.0,0.6432416639066861
degraded,homogeneous,no_shared,autonomous,12,0.6666666666666666,75.67987610006823,0.8333333333333334,0.12955168244866336,0.013888888888888883,0.034226486483194186,0.08873456790123456,12.0,0.0
degraded,homogeneous,no_shared,consensus_gated,12,0.75,77.02583092685512,0.8333333333333334,0.1327872071282556,0.0069444444444444415,0.036561439602726134,0.08125701459034788,12.0,0.6334004294149221
degraded,homogeneous,no_shared,crowd_vector,12,0.5,76.12789895779395,1.0,0.14554439203889932,0.027777777777777766,0.0373456155600758,0.08486952861952857,12.0,0.6262936695560809
degraded,homogeneous,no_shared,stale_hold,12,0.5,75.9103011101921,0.9166666666666666,0.13460267567581716,0.03472222222222221,0.034727637559364234,0.07749017957351285,12.0,0.6318643357894566
degraded,homogeneous,perfect,autonomous,12,0.75,78.22604068719012,1.0,0.12513047174098077,0.013888888888888883,0.0,0.0,12.0,0.0
degraded,homogeneous,perfect,consensus_gated,12,0.5,74.9937427942453,1.0,0.14503351270418743,0.0069444444444444415,0.0,0.0,12.0,0.638842349904638
degraded,homogeneous,perfect,crowd_vector,12,0.4166666666666667,74.44931211683969,1.0,0.14704123287294243,0.013888888888888883,0.0,0.0,12.0,0.6357111042587454
degraded,homogeneous,perfect,stale_hold,12,0.5833333333333334,78.32645761243857,0.9166666666666666,0.13587656556115046,0.0,0.0,0.0,12.0,0.642278145140721
degraded,homogeneous,scout_belief,autonomous,12,0.8333333333333334,78.94236032602375,0.8333333333333334,0.12285153350110829,0.0069444444444444415,0.016728757755511307,0.06696127946127942,12.0,0.0
degraded,homogeneous,scout_belief,consensus_gated,12,0.4166666666666667,76.55273465243945,0.9166666666666666,0.13421231789552807,0.020833333333333325,0.017854646035605708,0.061826599326599285,12.0,0.6351469607508254
degraded,homogeneous,scout_belief,crowd_vector,12,0.75,77.03567092939767,0.9166666666666666,0.13817622931052348,0.0,0.017395951306301283,0.06774691358024687,12.0,0.6441179101807122
degraded,homogeneous,scout_belief,stale_hold,12,0.8333333333333334,77.8726817747998,1.0,0.11936314882986553,0.013888888888888883,0.016459009506977516,0.05872615039281703,12.0,0.6437779567006621
degraded,no_relay_hetero,delayed,autonomous,12,0.16666666666666666,71.59749534516256,1.0,0.1300750731474454,0.06944444444444442,0.002116759070027442,0.0,12.0,0.0
degraded,no_relay_hetero,delayed,consensus_gated,12,0.5833333333333334,77.35887395215862,0.4166666666666667,0.10906028763010002,0.03472222222222221,0.0015151396624596832,0.0,12.0,0.6399127608292763
degraded,no_relay_hetero,delayed,crowd_vector,12,0.5833333333333334,74.68671046692232,0.5833333333333334,0.11311888842984474,0.03472222222222221,0.0016817596157167834,0.0,12.0,0.6463501774484245
degraded,no_relay_hetero,delayed,stale_hold,12,0.5,76.44162040837594,0.75,0.11161580628107638,0.048611111111111084,0.001744715102295225,0.0,12.0,0.6520805598694286
degraded,no_relay_hetero,no_shared,autonomous,12,0.75,79.63548573377751,0.3333333333333333,0.10471353106180291,0.027777777777777766,0.02962632080072009,0.0639941077441077,12.0,0.0
degraded,no_relay_hetero,no_shared,consensus_gated,12,0.4166666666666667,74.99051481807574,0.5833333333333334,0.10699164545140218,0.05555555555555553,0.03040649058018685,0.068261210590756,12.0,0.6176409368966301
degraded,no_relay_hetero,no_shared,crowd_vector,12,0.75,78.69980622274262,0.5,0.10459034665848888,0.020833333333333325,0.02961364808352092,0.06197390572390568,12.0,0.6308550749229996
degraded,no_relay_hetero,no_shared,stale_hold,12,0.5833333333333334,76.73207181567422,0.4166666666666667,0.103588606917712,0.03472222222222221,0.029367076221626542,0.05917125803489435,12.0,0.6270991957282036
degraded,no_relay_hetero,perfect,autonomous,12,0.6666666666666666,74.01626263031271,0.5833333333333334,0.11584100522736092,0.020833333333333325,0.0,0.0,12.0,0.0
degraded,no_relay_hetero,perfect,consensus_gated,12,0.9166666666666666,77.93219069500633,0.08333333333333333,0.10540552188270462,0.0069444444444444415,0.0,0.0,12.0,0.6375274251577737
degraded,no_relay_hetero,perfect,crowd_vector,12,0.5,75.26499115952646,0.5,0.1148133664349545,0.05555555555555553,0.0,0.0,12.0,0.6324899469570304
degraded,no_relay_hetero,perfect,stale_hold,12,0.5,76.76843929471636,0.5,0.10432664177085915,0.04166666666666665,0.0,0.0,12.0,0.637834614328111
degraded,no_relay_hetero,scout_belief,autonomous,12,0.4166666666666667,71.90111018952446,0.6666666666666666,0.12176826845032974,0.03472222222222221,0.0027558641544453495,0.0,12.0,0.0
degraded,no_relay_hetero,scout_belief,consensus_gated,12,0.8333333333333334,79.53702406732239,0.16666666666666666,0.10514041545001297,0.0069444444444444415,0.0030060872919530413,0.0,12.0,0.6449858502449067
degraded,no_relay_hetero,scout_belief,crowd_vector,12,0.5,75.36734797686752,0.6666666666666666,0.10712289158044147,0.04166666666666665,0.003369232990546917,0.0011574074074074,12.0,0.6427546934243512
degraded,no_relay_hetero,scout_belief,stale_hold,12,0.5,78.24512594628568,0.5,0.11108056052662181,0.0486111111111111,0.003276175878644533,0.0,12.0,0.6500701870785995
degraded,relay_rich,delayed,autonomous,12,0.4166666666666667,71.09769093860416,1.0,0.12548866620288696,0.09027777777777775,0.00028042371012505747,0.0,4.503362573099415,0.0
degraded,relay_rich,delayed,consensus_gated,12,0.6666666666666666,76.65874593939036,0.5,0.120251452698469,0.03472222222222221,0.00023777450105048716,0.0,4.200659133709981,0.6449181072018494
degraded,relay_rich,delayed,crowd_vector,12,0.4166666666666667,73.5243182115759,0.75,0.12325145455883359,0.05555555555555553,0.00028155852463064335,0.0,4.232758620689656,0.6408992010712559
degraded,relay_rich,delayed,stale_hold,12,0.3333333333333333,75.23894681333597,0.75,0.11814723790683689,0.06249999999999997,0.00029956363554995764,0.0,4.490615938101635,0.6403332016509008
degraded,relay_rich,no_shared,autonomous,12,0.75,76.52887554055863,0.4166666666666667,0.1155991515584171,0.020833333333333325,0.031230843742361125,0.06745963422099781,4.1620670995671,0.0
degraded,relay_rich,no_shared,consensus_gated,12,0.5833333333333334,76.5959092463845,0.5,0.11786322507004247,0.04166666666666665,0.032707895326212884,0.0757958371594735,4.150635208711434,0.6247263317276577
degraded,relay_rich,no_shared,crowd_vector,12,0.6666666666666666,75.4804618672856,0.4166666666666667,0.12398427647704628,0.03472222222222221,0.03380426630730137,0.07753577441077437,4.4234400656814445,0.6316037976050074
degraded,relay_rich,no_shared,stale_hold,12,0.5,71.63550087843544,0.6666666666666666,0.12240641476744311,0.06249999999999999,0.033990378354513705,0.07757786195286191,4.437708855472013,0.6101017630282602
degraded,relay_rich,perfect,autonomous,12,0.25,72.3592654045931,0.9166666666666666,0.13070492988549456,0.0486111111111111,0.0,0.0,4.257256127227392,0.0
degraded,relay_rich,perfect,consensus_gated,12,0.6666666666666666,72.85897745978951,0.6666666666666666,0.1235507245736779,0.03472222222222221,0.0,0.0,4.20784632034632,0.6491331443085829
degraded,relay_rich,perfect,crowd_vector,12,0.5,75.57235071405196,0.6666666666666666,0.11622549407018856,0.04166666666666665,0.0,0.0,4.322994987468672,0.6445840487960875
degraded,relay_rich,perfect,stale_hold,12,0.5,75.53777584275201,0.6666666666666666,0.12042092987844716,0.0486111111111111,0.0,0.0,4.180973266499582,0.6380764863487534
degraded,relay_rich,scout_belief,autonomous,12,0.3333333333333333,72.32184391267229,0.6666666666666666,0.12104959565800667,0.09722222222222221,0.002774999200005342,0.0,4.694746728367418,0.0
degraded,relay_rich,scout_belief,consensus_gated,12,0.4166666666666667,73.65860201606158,0.6666666666666666,0.12707778842485237,0.06249999999999998,0.004226525371522833,0.0,4.682597297842308,0.6469581987642584
degraded,relay_rich,scout_belief,crowd_vector,12,0.3333333333333333,74.82528530572746,0.75,0.12165027852904468,0.06944444444444442,0.003849489739606167,0.0,4.647052369220205,0.646621926200822
degraded,relay_rich,scout_belief,stale_hold,12,0.25,75.12797406452586,0.75,0.12213183612887933,0.0833333333333333,0.004263080805178942,0.0,4.236217339325325,0.656815364373645
degraded,scout_rich,delayed,autonomous,12,0.5,72.14074175790995,0.75,0.1307486612645897,0.03472222222222221,0.0010735194469304083,0.0,10.0,0.0
degraded,scout_rich,delayed,consensus_gated,12,0.6666666666666666,78.16336470501258,0.3333333333333333,0.1056286075455694,0.027777777777777766,0.000843471688955,0.0,10.048850574712644,0.6490479153749111
degraded,scout_rich,delayed,crowd_vector,12,0.4166666666666667,75.96731404965986,0.6666666666666666,0.11364194324079469,0.06249999999999998,0.0012958380895741167,0.0,10.0,0.6508650665601717
degraded,scout_rich,delayed,stale_hold,12,0.5833333333333334,77.14718243672296,0.4166666666666667,0.11208131303139048,0.04166666666666665,0.0013386473215696833,0.0,10.114504188583675,0.6446254944522304
degraded,scout_rich,no_shared,autonomous,12,0.4166666666666667,75.79181123360408,0.5833333333333334,0.10922656421267653,0.05555555555555553,0.03068123062670131,0.06809764309764305,10.304730576441104,0.0
degraded,scout_rich,no_shared,consensus_gated,12,0.8333333333333334,78.21855354286562,0.3333333333333333,0.11299680411475704,0.013888888888888883,0.031969592038324085,0.062342171717171664,10.0,0.6221543805671149
degraded,scout_rich,no_shared,crowd_vector,12,0.4166666666666667,77.57131823021653,0.5833333333333334,0.10911208918654426,0.05555555555555553,0.030496160737081376,0.06392854830354826,10.0,0.6414358734483246
degraded,scout_rich,no_shared,stale_hold,12,0.75,78.1507935446708,0.3333333333333333,0.1061753607001465,0.027777777777777766,0.02952118495891054,0.05543120599938777,10.053571428571429,0.6309002022452315
degraded,scout_rich,perfect,autonomous,12,0.5,71.99288898621946,0.5,0.11606280270332386,0.055555555555555546,0.0,0.0,10.230462519936204,0.0
degraded,scout_rich,perfect,consensus_gated,12,0.5,75.65491453373085,0.5,0.10557224251227183,0.0486111111111111,0.0,0.0,10.0,0.6367163700497033
degraded,scout_rich,perfect,crowd_vector,12,0.75,79.40394853847368,0.3333333333333333,0.1145940361943552,0.027777777777777766,0.0,0.0,10.0,0.6415167608629846
degraded,scout_rich,perfect,stale_hold,12,0.6666666666666666,78.94450528235272,0.3333333333333333,0.10598317095985403,0.04166666666666665,0.0,0.0,10.008620689655173,0.6435493195074194
degraded,scout_rich,scout_belief,autonomous,12,0.25,72.65630900403004,0.8333333333333334,0.1239127632700041,0.06944444444444442,0.0026769443158858167,0.0,10.0,0.0
degraded,scout_rich,scout_belief,consensus_gated,12,0.5833333333333334,76.90992404965533,0.4166666666666667,0.10252526757949025,0.0486111111111111,0.002816617830814983,0.0,10.0,0.6513912450154465
degraded,scout_rich,scout_belief,crowd_vector,12,0.75,80.00622416897038,0.25,0.11233208581035954,0.020833333333333325,0.0032748585199376162,0.0,10.0,0.6497641280149585
degraded,scout_rich,scout_belief,stale_hold,12,0.5,78.25198403419297,0.5,0.10438152073252317,0.05555555555555553,0.003375884366113958,0.0,10.094827586206897,0.6478045982880541
severe,balanced_hetero,delayed,autonomous,12,0.5,73.05206011264413,0.75,0.11881418764786743,0.05555555555555553,0.0025031971351262582,0.0,16.60919540229885,0.0
severe,balanced_hetero,delayed,consensus_gated,12,0.4166666666666667,76.88745273959405,0.6666666666666666,0.11670113948891887,0.06249999999999997,0.004159856854983167,0.0,16.67671370126075,0.5414925557694995
severe,balanced_hetero,delayed,crowd_vector,12,0.25,76.74629407042555,0.8333333333333334,0.11471432069225469,0.0972222222222222,0.0033190491816444748,0.0,16.500876680303914,0.5500375509904922
severe,balanced_hetero,delayed,stale_hold,12,0.4166666666666667,74.96973355846579,0.5833333333333334,0.11987508640929397,0.08333333333333333,0.004138894833891201,0.0,16.724055829228245,0.5573022940347502
severe,balanced_hetero,no_shared,autonomous,12,0.4166666666666667,74.54939042069081,0.75,0.12525825635210733,0.06944444444444442,0.03386380996859224,0.07856309305172937,17.238861985472155,0.0
severe,balanced_hetero,no_shared,consensus_gated,12,0.0,73.93559841885062,1.0,0.11732683966144786,0.11805555555555551,0.03308673729172258,0.07578914141414138,16.88223334490522,0.5433604504339403
severe,balanced_hetero,no_shared,crowd_vector,12,0.25,73.81294346654742,0.8333333333333334,0.12014184076377855,0.10416666666666663,0.03253232850425705,0.07210743801652889,17.216501134750697,0.5333696214614447
severe,balanced_hetero,no_shared,stale_hold,12,0.16666666666666666,74.62027157080738,0.8333333333333334,0.11982298113598981,0.07638888888888885,0.03240529307180281,0.07909205693296599,16.37416817906836,0.5393832161144033
severe,balanced_hetero,perfect,autonomous,12,0.3333333333333333,69.35707610165339,0.8333333333333334,0.1146176400957113,0.10416666666666663,0.0,0.0,17.270444208163507,0.0
severe,balanced_hetero,perfect,consensus_gated,12,0.3333333333333333,75.9336459340897,0.75,0.11871069616800839,0.0972222222222222,0.0,0.0,16.890018978871296,0.5454372412283427
severe,balanced_hetero,perfect,crowd_vector,12,0.6666666666666666,77.65378920238173,0.3333333333333333,0.10126849771918656,0.04166666666666665,0.0,0.0,16.28735632183908,0.5534507775057899
severe,balanced_hetero,perfect,stale_hold,12,0.6666666666666666,76.9276456199499,0.4166666666666667,0.1113407011044907,0.04166666666666665,0.0,0.0,16.0,0.546569101480626
severe,balanced_hetero,scout_belief,autonomous,12,0.3333333333333333,75.00759734176016,0.6666666666666666,0.12255389362419211,0.07638888888888888,0.003172202247958042,0.000631313131313125,16.408625730994153,0.0
severe,balanced_hetero,scout_belief,consensus_gated,12,0.25,73.37712264913431,0.8333333333333334,0.12037008323847152,0.06944444444444442,0.003679454346944975,0.0,16.951232247284878,0.5639114748877302
severe,balanced_hetero,scout_belief,crowd_vector,12,0.3333333333333333,74.71871149346624,0.75,0.11532236436193262,0.0972222222222222,0.0044006797244240834,0.0015432098765432083,16.48803827751196,0.5503723206036182
severe,balanced_hetero,scout_belief,stale_hold,12,0.08333333333333333,75.32795372741093,0.9166666666666666,0.11744697052692869,0.09027777777777775,0.0041472144498884665,0.0,16.27159732922445,0.5604617604617604
severe,homogeneous,delayed,autonomous,12,0.5,77.51109206299816,0.9166666666666666,0.14321855329574315,0.0069444444444444415,0.006357109493803849,0.0006944444444444417,24.0,0.0
severe,homogeneous,delayed,consensus_gated,12,0.4166666666666667,72.82310573816396,1.0,0.16081019025213236,0.020833333333333325,0.0091664942017455,0.005113636363636342,24.0,0.5571518712668883
severe,homogeneous,delayed,crowd_vector,12,0.8333333333333334,75.82815024030539,1.0,0.13084467611795222,0.0,0.006172719002021084,0.004166666666666667,24.0,0.5493325605387481
severe,homogeneous,delayed,stale_hold,12,0.5833333333333334,74.09848971900439,1.0,0.14392584938919029,0.041666666666666664,0.005775713094569225,0.005618686868686859,24.0,0.5483531480910451
severe,homogeneous,no_shared,autonomous,12,0.4166666666666667,74.66971921244718,1.0,0.14642954465096236,0.0069444444444444415,0.036503257444006294,0.0866792929292929,24.0,0.0
severe,homogeneous,no_shared,consensus_gated,12,0.5833333333333334,74.92785817084926,1.0,0.14379900123056988,0.0069444444444444415,0.03695556351946428,0.08611111111111108,24.0,0.5382301273605622
severe,homogeneous,no_shared,crowd_vector,12,0.5833333333333334,75.3997242440232,1.0,0.13757708463095827,0.013888888888888883,0.037643936961488954,0.09086700336700332,24.0,0.5364560135220018
severe,homogeneous,no_shared,stale_hold,12,0.5833333333333334,74.75161837353987,1.0,0.1381729811142147,0.0069444444444444415,0.03586740970575359,0.08379629629629627,24.0,0.5510885571374831
severe,homogeneous,perfect,autonomous,12,0.75,77.17532046653176,0.9166666666666666,0.12562194822434217,0.013888888888888883,0.0,0.0,24.0,0.0
severe,homogeneous,perfect,consensus_gated,12,0.4166666666666667,77.1423160145931,1.0,0.14181122453258463,0.020833333333333325,0.0,0.0,24.0,0.5480631597781357
severe,homogeneous,perfect,crowd_vector,12,0.6666666666666666,75.94259669739444,0.9166666666666666,0.13505549105152656,0.0,0.0,0.0,24.0,0.5565709429236
severe,homogeneous,perfect,stale_hold,12,0.5833333333333334,74.04183945913452,0.9166666666666666,0.14123670267920874,0.0069444444444444415,0.0,0.0,24.0,0.5667764991886176
severe,homogeneous,scout_belief,autonomous,12,0.5,77.27826598759982,0.9166666666666666,0.1446074074964474,0.0069444444444444415,0.018780193828443686,0.08553591470258136,24.0,0.0
severe,homogeneous,scout_belief,consensus_gated,12,0.9166666666666666,78.27266180120144,1.0,0.12070208703932123,0.0,0.017390224051458333,0.06828703703703701,24.0,0.5478171408123099
severe,homogeneous,scout_belief,crowd_vector,12,0.5,76.1414553213054,0.9166666666666666,0.1437162841043542,0.013888888888888883,0.0201161171716784,0.0720468574635241,24.0,0.5489040973340491
severe,homogeneous,scout_belief,stale_hold,12,0.5833333333333334,77.71653802750544,0.9166666666666666,0.13956815903867123,0.0069444444444444415,0.018733144965065875,0.07149270482603813,24.0,0.5477410985865092
severe,no_relay_hetero,delayed,autonomous,12,0.5833333333333334,74.0986601662154,1.0,0.11653957304941943,0.04166666666666665,0.0035737555401846167,0.000631313131313125,24.0,0.0
severe,no_relay_hetero,delayed,consensus_gated,12,0.4166666666666667,78.11356618909382,0.5833333333333334,0.0997471344888431,0.0486111111111111,0.0031341620005219083,0.0,24.0,0.5574076390559902
severe,no_relay_hetero,delayed,crowd_vector,12,0.3333333333333333,75.91583165500005,0.6666666666666666,0.11756470891349131,0.06944444444444442,0.005039661370884184,0.0012626262626262584,24.0,0.5590282823493883
severe,no_relay_hetero,delayed,stale_hold,12,0.4166666666666667,76.73222559925263,0.75,0.11359677232920457,0.05555555555555553,0.004345789750934658,0.0005787037037037,24.0,0.5496953605361405
severe,no_relay_hetero,no_shared,autonomous,12,0.75,73.96565586805576,0.5,0.11986641307870029,0.020833333333333325,0.03331201385912695,0.07659932659932657,24.0,0.0
severe,no_relay_hetero,no_shared,consensus_gated,12,0.75,76.96483232171377,0.5,0.11756586245772528,0.020833333333333325,0.031488147431574846,0.06676136363636359,24.0,0.5441320025076318
severe,no_relay_hetero,no_shared,crowd_vector,12,0.4166666666666667,73.0220566154698,0.75,0.11882006270928404,0.07638888888888885,0.033143078703064224,0.07440025252525248,24.0,0.5365801987516359
severe,no_relay_hetero,no_shared,stale_hold,12,0.6666666666666666,75.99864704504994,0.5,0.11738369458307761,0.03472222222222221,0.031979806476160104,0.06670875420875418,24.0,0.5370792046003782
severe,no_relay_hetero,perfect,autonomous,12,0.5833333333333334,74.68234970260902,0.6666666666666666,0.11384217663095865,0.04166666666666665,0.0,0.0,24.0,0.0
severe,no_relay_hetero,perfect,consensus_gated,12,0.5833333333333334,78.77863896833703,0.4166666666666667,0.10631980033883061,0.04166666666666665,0.0,0.0,24.0,0.5532104581522307
severe,no_relay_hetero,perfect,crowd_vector,12,0.5,77.11814965153125,0.5,0.10495685468228651,0.04166666666666665,0.0,0.0,24.0,0.5538262374644742
severe,no_relay_hetero,perfect,stale_hold,12,0.75,76.69077889931339,0.4166666666666667,0.11894781306369968,0.027777777777777766,0.0,0.0,24.0,0.5472839964825731
severe,no_relay_hetero,scout_belief,autonomous,12,0.16666666666666666,70.17729439196715,0.8333333333333334,0.1260565378616801,0.06944444444444442,0.0031692497053100667,0.0,24.0,0.0
severe,no_relay_hetero,scout_belief,consensus_gated,12,0.5,74.20358395954241,0.5,0.11212622031830168,0.04166666666666665,0.0036746667795777167,0.0,24.0,0.5639036109808947
severe,no_relay_hetero,scout_belief,crowd_vector,12,0.4166666666666667,78.29436550383109,0.5833333333333334,0.11088880663291856,0.0486111111111111,0.004150506045974059,0.000631313131313125,24.0,0.5499948348991418
severe,no_relay_hetero,scout_belief,stale_hold,12,0.6666666666666666,77.29780766984051,0.6666666666666666,0.11525799587605119,0.03472222222222221,0.004339205919861442,0.0028935185185185,24.0,0.5545505009280739
severe,relay_rich,delayed,autonomous,12,0.16666666666666666,68.67026494625958,1.0,0.13833102174396317,0.10416666666666663,0.0013590447328530918,0.0,9.341854793921401,0.0
severe,relay_rich,delayed,consensus_gated,12,0.3333333333333333,74.33146107135993,0.8333333333333334,0.12366301914317994,0.09027777777777775,0.001139383355524725,0.0,8.652294578253544,0.5530042083814494
severe,relay_rich,delayed,crowd_vector,12,0.25,77.90674470351338,0.75,0.10669295360087416,0.0972222222222222,0.0009750794229050835,0.0,9.366379310344827,0.5524943625026807
severe,relay_rich,delayed,stale_hold,12,0.3333333333333333,73.89947482944733,0.75,0.13117888760074822,0.06249999999999997,0.0015757910818265167,0.0,8.67280701754386,0.5599485413156242
severe,relay_rich,no_shared,autonomous,12,0.08333333333333333,72.25824019537164,0.9166666666666666,0.11861522021029748,0.10416666666666663,0.03312876490327024,0.07816613100704005,9.972765438426487,0.0
severe,relay_rich,no_shared,consensus_gated,12,0.25,73.46388592769878,0.75,0.11023285076579149,0.0972222222222222,0.032031815282070476,0.06473350933578202,9.699491365923738,0.5333730229538214
severe,relay_rich,no_shared,crowd_vector,12,0.5,75.26752551311762,0.8333333333333334,0.12805793241291358,0.05555555555555553,0.034689786577842656,0.08000363483318024,8.954274521692005,0.5493522726477447
severe,relay_rich,no_shared,stale_hold,12,0.16666666666666666,76.10099908509365,0.8333333333333334,0.11322900908609458,0.0833333333333333,0.031842934321194394,0.07474364860728493,8.80975120797939,0.5390741056633579
severe,relay_rich,perfect,autonomous,12,0.3333333333333333,71.01924249945827,0.8333333333333334,0.12222539564343349,0.07638888888888887,0.0,0.0,9.2953216374269,0.0
severe,relay_rich,perfect,consensus_gated,12,0.25,72.67500340564438,0.75,0.11615470838749302,0.0972222222222222,0.0,0.0,8.953911358856912,0.5397065424213034
severe,relay_rich,perfect,crowd_vector,12,0.4166666666666667,74.87274731783887,0.75,0.11720867971438391,0.06249999999999998,0.0,0.0,8.275375939849624,0.5558237601240222
severe,relay_rich,perfect,stale_hold,12,0.3333333333333333,75.69152441816314,0.6666666666666666,0.11311599194738335,0.09027777777777775,0.0,0.0,9.23208719490134,0.5445679045081646
severe,relay_rich,scout_belief,autonomous,12,0.16666666666666666,71.59265196189592,0.9166666666666666,0.11798716229189997,0.12499999999999996,0.0030402886927903337,0.0,10.19070185041147,0.0
severe,relay_rich,scout_belief,consensus_gated,12,0.25,74.30803609763855,0.8333333333333334,0.12222689306885433,0.07638888888888885,0.0039271900399206255,0.0,9.13982973168891,0.5620216608730045
severe,relay_rich,scout_belief,crowd_vector,12,0.16666666666666666,71.96625817590906,0.8333333333333334,0.13340324453730193,0.11805555555555552,0.004995142276833225,0.0,9.026783059343273,0.563015084202358
severe,relay_rich,scout_belief,stale_hold,12,0.16666666666666666,72.52554349300611,0.8333333333333334,0.12889225304641186,0.09027777777777775,0.00519352766018975,0.0,8.920717754839075,0.5588987638506618
severe,scout_rich,delayed,autonomous,12,0.16666666666666666,71.94209021561866,0.9166666666666666,0.12851583100324113,0.11805555555555552,0.003579017210093533,0.0,20.120494837327097,0.0
severe,scout_rich,delayed,consensus_gated,12,0.16666666666666666,75.33713915415136,0.9166666666666666,0.11063860694270079,0.12499999999999996,0.0036815267405269,0.0,20.600099386397027,0.5576645759133828
severe,scout_rich,delayed,crowd_vector,12,0.25,76.23000760241133,0.8333333333333334,0.11601786995152559,0.0833333333333333,0.004458226441026,0.0,20.166666666666668,0.5471196287484341
severe,scout_rich,delayed,stale_hold,12,0.25,77.57747667222819,0.75,0.10101266816657274,0.12499999999999996,0.002700029032056375,0.0,20.255952380952383,0.5476845112722443
severe,scout_rich,no_shared,autonomous,12,0.25,77.4599334662937,0.75,0.11179363812226285,0.11805555555555554,0.031827134645405084,0.06857208448117534,20.485858585858583,0.0
severe,scout_rich,no_shared,consensus_gated,12,0.25,74.85559680967029,0.75,0.11731813478983717,0.10416666666666663,0.030801455062853617,0.06498890419344959,20.20760233918129,0.5418056007324236
severe,scout_rich,no_shared,crowd_vector,12,0.25,73.9765484558605,0.75,0.11426799516452031,0.0972222222222222,0.03222427183857016,0.0735317187021732,20.14853801169591,0.5369820780023211
severe,scout_rich,no_shared,stale_hold,12,0.08333333333333333,76.05667279320879,0.9166666666666666,0.10800360742947034,0.0972222222222222,0.030087695404802602,0.0642715029078665,20.2,0.5410310497660098
severe,scout_rich,perfect,autonomous,12,0.16666666666666666,70.86569186926344,0.8333333333333334,0.12447828120787076,0.11111111111111109,0.0,0.0,20.146198830409357,0.0
severe,scout_rich,perfect,consensus_gated,12,0.3333333333333333,76.2620111977056,0.6666666666666666,0.10870543250166335,0.09722222222222221,0.0,0.0,20.27962962962963,0.5450284672621674
severe,scout_rich,perfect,crowd_vector,12,0.16666666666666666,74.20516370631141,0.8333333333333334,0.11390562853045016,0.11111111111111106,0.0,0.0,20.0,0.5547875606670222
severe,scout_rich,perfect,stale_hold,12,0.08333333333333333,71.88124568122952,0.9166666666666666,0.1042272504060759,0.15972222222222218,0.0,0.0,20.0,0.5502111534218456
severe,scout_rich,scout_belief,autonomous,12,0.4166666666666667,75.44259257719624,0.5833333333333334,0.11206613780808007,0.07638888888888885,0.00307980047539945,0.0,20.160919540229884,0.0
severe,scout_rich,scout_belief,consensus_gated,12,0.08333333333333333,76.1453450423923,0.9166666666666666,0.11211018637087224,0.11111111111111109,0.00334377561976295,0.0011574074074074,20.0702798663325,0.5557004793580519
severe,scout_rich,scout_belief,crowd_vector,12,0.25,77.03199187480077,0.75,0.10769303773461232,0.11111111111111109,0.003645762214343892,0.000631313131313125,20.01169590643275,0.5577407573318962
severe,scout_rich,scout_belief,stale_hold,12,0.08333333333333333,77.47288813519502,0.9166666666666666,0.11970911237286118,0.11111111111111106,0.004470106365224458,0.0036405723905723665,20.45977011494253,0.5550201915446924
